movie_name,positive,negative,neutral
10004925-matador,0.1932,0.0893,0.7177
10005788-the_sun,0.126642857,0.090071429,0.783285714
10006485-black_gold,0.12015,0.05225,0.82765
10006630-life_of_reilly,0.1516,0.02445,0.8239
10006849-once_in_a_lifetime,0.20735,0.0597,0.73305
10008234-alexandra,0.1161,0.06085,0.8231
10008507-deep_water,0.1618,0.04625,0.79185
10008699-terrors_advocate,0.10785,0.0862,0.806
10008785-appaloosa,0.189,0.04935,0.76175
10008820-visitor,0.159,0.07545,0.76555
10009066-la_graine_et_le_mulet,0.0795,0.03385,0.88665
10009355-sugar,0.1516,0.0637,0.78475
10009419-mommas_man,0.20965,0.0358,0.75455
10009823-sin_nombre,0.0962,0.09815,0.8057
10009929-a_christmas_tale,0.1841,0.1139,0.7021
10010237-tokyo,0.12055,0.04465,0.8348
10010667-hangover,0.253,0.0968,0.65025
10010675-departures,0.2442,0.10355,0.6522
10011003-crude,0.1516,0.13245,0.71605
10011016-messenger,0.1694,0.07965,0.751
10011284-skin,0.1475,0.09735,0.7552
10011295-samson_and_delilah,0.19475,0.108,0.6973
10011304-thirst,0.19025,0.07875,0.73105
10011949-collapse,0.06725,0.13425,0.79845
10012063-ghost_writer,0.18965,0.08785,0.72245
10012136-winters_bone,0.18545,0.05525,0.75945
10012141-kids_are_all_right,0.26625,0.0668,0.6669
101_reykjavik,0.2265,0.034,0.7395625
1075984-iron_monkey,0.18365,0.08175,0.7345
1095081-boiler_room,0.15065,0.0736,0.77575
1095420-high_fidelity,0.2681,0.0397,0.6922
1097046-dinosaur,0.12995,0.03835,0.83175
1097245-hamlet,0.1175,0.08825,0.79425
1097259-road_trip,0.1548,0.0498,0.7954
1097859-sunshine,0.039705882,0.039,0.921235294
1097991-george_washington,0.17935,0.0631,0.75755
1098038-shaft,0.09895,0.04525,0.8558
1098149-patriot,0.14775,0.10205,0.7501
1099492-saving_grace,0.21775,0.0269,0.75535
10_cloverfield_lane,0.18185,0.0966,0.72135
1100998-contender,0.1886,0.04115,0.77025
1103231-gift,0.1677,0.0425,0.78975
1103281-traffic,0.1502,0.11605,0.73385
1104203-pledge,0.1081,0.0709,0.82105
1104207-panic,0.177947368,0.084526316,0.737526316
1106648-lie,0.1192,0.11225,0.76855
1108624-road_home,0.2403,0.01045,0.74925
1108799-score,0.1487,0.0736,0.7777
1109257-others,0.13045,0.0737,0.79575
1111227-iris,0.1825,0.0576,0.7599
1111741-rain,0.1468,0.09815,0.75505
1112954-rookie,0.19915,0.0176,0.78325
1114154-insomnia,0.15855,0.05635,0.78505
1117377-all_or_nothing,0.21585,0.0505,0.7337
1118347-quiet_american,0.1871,0.0426,0.7703
1118700-adaptation,0.17685,0.0354,0.7877
1120292-spider,0.18425,0.0845,0.73125
1122382-spellbound,0.2473,0.01935,0.73345
1126416-mayor_of_the_sunset_strip,0.20045,0.0967,0.7028
1127787-big_fish,0.1235,0.07345,0.8031
1128577-peter_pan,0.18645,0.06205,0.7514
1132642-mother,0.1609,0.1015,0.7375
1135882-uncovered_the_war_on_iraq,0.1324,0.0838,0.78385
1136293-lightning_in_a_bottle,0.15525,0.0358,0.8089
1144992-crash,0.13475,0.11585,0.74935
1147812-warrior,0.1705,0.0335,0.796
1149496-1149496-red_eye,0.1891,0.1109,0.6999
1151898-capote,0.13675,0.04985,0.8134
1152019-good_night_and_good_luck,0.2739,0.0467,0.6794
1153077-1153077-pride_and_prejudice,0.23555,0.04725,0.71715
1153570-fateless,0.11695,0.08205,0.8009
1153719-syrian_bride,0.20035,0.0537,0.7459
1155622-why_we_fight,0.0944,0.093,0.81255
1158179-devil_and_daniel_johnston,0.15055,0.13,0.71955
1159135-hoax,0.2171,0.1343,0.6486
1159353-darwins_nightmare,0.03595,0.1688,0.79515
1167811-ballets_russes,0.1621,0.03475,0.80315
1174279-wanted,0.12285,0.0768,0.8004
1189844-the_bank_job,0.1392,0.06175,0.79905
1190970-ghost_town,0.1617,0.06645,0.7719
1193230-state_of_play,0.26925,0.03375,0.6971
1194209-elegy,0.20675,0.07685,0.7164
1194818-encounters_at_the_end_of_the_world,0.1132,0.0614,0.8255
1195103-happy_go_lucky,0.19355,0.0584,0.74805
1195800-my_winnipeg,0.12875,0.00615,0.8651
1196003-princess_and_the_frog,0.21745,0.03,0.75265
1196077-cloudy_with_a_chance_of_meatballs,0.2275,0.05055,0.72195
1196293-reprise,0.1931,0.0395,0.76745
1197120-oss_117_cairo_nest_of_spies,0.15745,0.05385,0.78865
1197307-ballast,0.1062,0.06595,0.8277
1197696-fantastic_mr_fox,0.2061,0.0177,0.77615
1200661-informant,0.166,0.083,0.75095
1200743-wrecking_crew,0.2233,0.01525,0.76145
1202867-dear_zachary,0.170285714,0.094571429,0.735214286
1203291-under_the_sea_3d,0.13905,0.0494,0.81145
1203732-me_and_orson_welles,0.12885,0.02135,0.8497
1207748-katyn,0.09645,0.08685,0.81665
1208128-tyson,0.12475,0.0583,0.81695
1208173-splice,0.18075,0.11795,0.7014
1208882-cove,0.13955,0.0585,0.80195
1208_east_of_bucharest,0.25175,0.06765,0.68065
1209767-mary_and_max,0.2134375,0.0638125,0.722875
1209933-puss_in_boots,0.21185,0.0256,0.76255
1212111-triangle,0.136454545,0.090818182,0.772727273
1212910-warrior,0.0973,0.0893,0.81335
1213205-prophet,0.13855,0.0921,0.7693
1213684-big_fan,0.12425,0.0946,0.78095
1213731-worlds_greatest_dad,0.16995,0.087,0.7431
1213732-no_impact_man,0.09805,0.11225,0.7898
1214097-despicable_me,0.24665,0.0608,0.6926
1215792-amreeka,0.19515,0.04105,0.7638
1216014-still_walking,0.1513,0.05945,0.7892
1216067-fifty_dead_men_walking,0.1269,0.1056,0.76755
1217389-we_live_in_public,0.09765,0.12005,0.78235
1217700-kick_ass,0.129,0.0793,0.79175
1218217-single_man,0.2092,0.0825,0.70835
127_hours,0.127,0.0971,0.77595
12_oclock_boys_2013,0.13285,0.07845,0.78865
12_years_a_slave,0.1347,0.0947,0.77055
13_assassins_2011,0.09205,0.14375,0.76415
13_tzameti,0.07645,0.12845,0.79505
13th,0.0993,0.14985,0.7509
1917_2019,0.1286,0.06255,0.8089
1945,0.0676,0.100466667,0.832066667
1985_2018,0.1105,0.117833333,0.771555556
20000_days_on_earth,0.12265,0.05225,0.8251
2046,0.1307,0.1232,0.746
20_feet_from_stardom,0.26335,0.04135,0.6952
20th_century_women,0.1951,0.0381,0.7668
21_grams,0.10675,0.10585,0.78735
21_jump_street_2011,0.2233,0.07245,0.70415
22_jump_street,0.1566,0.04745,0.7959
24_city,0.0706,0.0605,0.8689
24_hour_party_people,0.2497,0.01865,0.73165
25th_hour,0.17405,0.08005,0.7459
28_days_later,0.10295,0.11365,0.78345
2_days_in_paris,0.2439,0.05275,0.7033
310_to_yuma,0.122,0.0879,0.79005
35_shots_of_rum,0.14625,0.02145,0.8323
3_and_12_minutes_10_bullets,0.1286,0.1271,0.7443
3_faces,0.20745,0.0433,0.7492
3_iron,0.2094,0.0694,0.7212
40_year_old_virgin,0.20895,0.05365,0.7375
45_years,0.1244,0.05045,0.82515
49_up,0.1555,0.03815,0.80625
4_months_3_weeks_and_2_days,0.19805,0.086,0.716
500_days_of_summer,0.26005,0.04875,0.69115
5050_2011,0.21845,0.05235,0.7292
56_up,0.10905,0.0498,0.84115
5_broken_cameras_2012,0.0696,0.16845,0.762
63_up,0.1786,0.062,0.7595
71_2015,0.14855,0.1563,0.6951
76_days,0.1496,0.0496,0.8008
878835,0.21805,0.0439,0.73805
8_mile,0.17735,0.0719,0.7509
8_women,0.19685,0.06895,0.7342
99_homes,0.15005,0.09935,0.7506
a_band_called_death_2013,0.2047,0.06265,0.73265
a_beautiful_day_in_the_neighborhood,0.2334,0.0575,0.70915
a_better_life,0.14265,0.0688,0.78865
a_bigger_splash_2016,0.1327,0.042,0.8252
a_fantastic_woman,0.20775,0.0432,0.7491
a_ghost_story,0.1429,0.09885,0.75825
a_girl_walks_home_alone_at_night,0.1772,0.0944,0.72845
a_hijacking,0.1184,0.08525,0.79625
a_man_called_ove,0.2056,0.07795,0.7165
a_monster_calls,0.1432,0.068,0.7888
a_most_violent_year,0.1276,0.14655,0.72575
a_most_wanted_man,0.13525,0.0828,0.782
a_place_at_the_table_2013,0.0915,0.1342,0.7745
a_quiet_passion,0.18085,0.0705,0.7488
a_quiet_place_2018,0.16675,0.11695,0.71625
a_screaming_man,0.144842105,0.101736842,0.753526316
a_secret_love,0.217923077,0.042846154,0.739230769
a_separation_2011,0.13665,0.06215,0.80125
a_serious_man,0.1982,0.1017,0.7001
a_shaun_the_sheep_movie_farmageddon,0.2206,0.03165,0.74775
a_star_is_born_2018,0.15505,0.0565,0.78845
a_tale_of_two_sisters,0.1431,0.18885,0.66805
a_touch_of_sin,0.0476,0.2018,0.75065
a_town_called_panic,0.12565,0.0682,0.80605
a_very_long_engagement_2004,0.2244,0.05035,0.7253
a_white_white_day,0.0975625,0.1296875,0.77275
abacus_small_enough_to_jail,0.0967,0.10005,0.8032
about_a_boy,0.27255,0.034,0.69345
about_adam,0.1988,0.02185,0.77935
about_elly,0.15995,0.04505,0.79505
about_schmidt,0.1588,0.0657,0.77555
ad_astra,0.1357,0.05485,0.80955
adventureland,0.2076,0.05215,0.7403
aferim,0.11435,0.1208,0.7649
afghan_star,0.11065,0.0634,0.826
after_innocence,0.122,0.21105,0.667
after_the_storm_2017,0.18845,0.09305,0.71835
after_the_wedding,0.1801,0.04405,0.7758
after_tiller_2013,0.15285,0.1297,0.71735
afterschool,0.12085,0.08145,0.7976
agronomist,0.1828,0.1172,0.70005
ai_artificial_intelligence,0.12205,0.0969,0.78105
ai_weiwei_never_sorry_2012,0.1785,0.0513,0.77025
aileen_life_and_death_of_a_serial_killer,0.08985,0.1973,0.7131
aimee_and_jaguar,0.2154375,0.0328125,0.75175
air_guitar_nation,0.2354,0.0661,0.69855
ajami,0.1009,0.0879,0.8112
akeelah_and_the_bee,0.1806,0.0238,0.79565
alamar,0.183684211,0.019315789,0.797052632
alias_betty,0.203,0.09345,0.70355
alice_et_martin,0.119736842,0.080842105,0.799421053
alien_the_directors_cut_2007,0.198266667,0.067533333,0.734266667
aliens_of_the_deep,0.20645,0.02615,0.76735
all_in_the_fight_for_democracy,0.201333333,0.049666667,0.749
all_is_lost_2013,0.1053,0.0797,0.81505
all_this_panic,0.17915,0.06335,0.7575
alle_anderen,0.177368421,0.052473684,0.770210526
almost_famous,0.2114,0.0318,0.7568
almost_holy,0.17885,0.1149,0.70635
amandla_a_revolution_in_four_part_harmony,0.18785,0.0481,0.764
amazing_grace_2018,0.2282,0.00635,0.76545
amelie,0.25935,0.0442,0.69645
american_animals,0.1451,0.0816,0.7733
american_factory,0.09815,0.07645,0.8254
american_gangster,0.15165,0.0443,0.80415
american_hustle,0.2179,0.0504,0.73175
american_made_2017,0.1595,0.05765,0.78285
american_psycho,0.19335,0.0648,0.74185
american_splendor,0.2423,0.04405,0.7136
amores_perros,0.15235,0.0819,0.7657
amour_2013,0.2094,0.0821,0.7085
amy_2015,0.16525,0.1311,0.70365
an_education,0.2011,0.0451,0.75375
an_elephant_sitting_still,0.133,0.101166667,0.765777778
an_honest_liar,0.18105,0.0596,0.7594
animal_kingdom,0.21165,0.0287,0.75965
annihilation,0.18085,0.07815,0.7409
anomalisa,0.1113,0.11635,0.77225
another_round,0.18945,0.0773,0.73325
another_year_2010,0.184,0.04525,0.77065
ant_man_and_the_wasp,0.2961,0.04875,0.65505
antman,0.2009,0.0615,0.73755
antwone_fisher,0.15345,0.0704,0.77615
anvil_the_story_of_anvil,0.15645,0.0544,0.78915
anything_for_jackson,0.2116,0.1392,0.6494
anywhere_but_here,0.19235,0.03815,0.76945
apocalypse_now_redux_2001,0.18815,0.02675,0.7851
apollo_11_2019,0.16875,0.0053,0.82595
apples,0.17665,0.0765,0.74675
appropriate_behavior,0.22435,0.0505,0.72515
april_and_the_extraordinary_world_2016,0.2182,0.06635,0.7154
aquarius,0.1823,0.03365,0.78395
arbitrage,0.193,0.0749,0.73215
argo_2012,0.16585,0.01735,0.8168
aristocrats,0.28615,0.06045,0.6534
armadillo_2010,0.12895,0.12445,0.7466
arrival_2016,0.1473,0.04845,0.8045
art_and_craft,0.198705882,0.112117647,0.689176471
art_of_the_steal,0.12705,0.1297,0.7431
arthur_christmas,0.2524,0.0219,0.72565
ash_is_purest_white,0.16505,0.07755,0.7574
ashes_of_time_redux_2008,0.11535,0.0402,0.84455
assassins_2020,0.1344,0.1363,0.7294
atanarjuat_the_fast_runner_2002,0.1783,0.0302,0.79155
athlete_a,0.093052632,0.113789474,0.793105263
atlantics,0.1988,0.0464,0.75475
atonement,0.17145,0.05965,0.7689
attack_the_block,0.14505,0.14275,0.7122
avatar,0.13525,0.02515,0.8397
avengers_endgame,0.13155,0.0335,0.835
avengers_infinity_war,0.1481,0.1127,0.73915
aviator,0.1554,0.0781,0.7665
away_from_her,0.15935,0.0456,0.79505
baadasssss,0.2705,0.0769,0.6526
baader_meinhof_complex,0.10465,0.10635,0.78895
baby_boy,0.1501,0.0156,0.8343
baby_driver,0.20775,0.04485,0.74745
babyteeth,0.2291,0.0739,0.697
backcountry,0.1528,0.114,0.7332
bacurau,0.13615,0.11095,0.75285
bad_education,0.138,0.11135,0.75055
bad_education_2019,0.23575,0.107,0.6573
bad_lieutenant_port_of_call_new_orleans,0.1426,0.13585,0.72155
bad_santa,0.1894,0.1879,0.62275
baghead,0.10885,0.0962,0.795
bamako_2007,0.1223,0.0912,0.78645
bandslam,0.2096,0.02515,0.76535
baran,0.1758,0.05165,0.7725
barbara_2012,0.1343,0.1015,0.7642
barbarian_invasions,0.266,0.0789,0.65505
barbershop,0.2172,0.04435,0.7384
batman_begins,0.1668,0.0656,0.76755
battle_of_the_sexes,0.22875,0.06475,0.70655
battle_royale,0.133846154,0.162076923,0.704
be_natural_the_untold_story_of_alice_guy_blache,0.20145,0.0182,0.78035
beast,0.124,0.0618,0.81435
beasts_of_no_nation,0.09145,0.14685,0.76165
beasts_of_the_southern_wild,0.1898,0.0505,0.75965
beat_that_my_heart_skipped,0.13865,0.0932,0.76815
beats_2020,0.245,0.0471,0.70795
beats_rhymes_and_life_the_travels_of_a_tribe_called_quest,0.18715,0.04425,0.76855
beau_travail,0.1391,0.0263,0.8346
beaufort,0.1068,0.13695,0.7562
beautiful_country,0.19905,0.04065,0.7603
beautiful_mind,0.20895,0.04675,0.7443
before_midnight_2013,0.23745,0.0474,0.71505
before_night_falls,0.1507,0.02685,0.8225
before_sunset,0.3489,0.0502,0.60095
before_the_devil_knows_youre_dead,0.15515,0.14515,0.6998
beginners,0.2446,0.0849,0.67055
behind_the_candelabra,0.1928,0.07575,0.7314
behind_the_sun,0.1178,0.10825,0.7739
being_17,0.1184375,0.094,0.7875625
being_elmo_a_puppeteers_journey,0.2779,0.01095,0.71115
being_julia,0.19805,0.0436,0.75835
bend_it_like_beckham,0.23835,0.03835,0.72325
bernie_2011,0.25,0.05885,0.6912
best_in_show,0.1462,0.0119,0.8419
best_of_enemies_2015,0.2061,0.08015,0.71365
best_of_youth,0.25095,0.04115,0.7079
best_worst_movie,0.225,0.1116,0.66325
better_luck_tomorrow,0.182,0.06045,0.75745
beware_of_mr_baker,0.1584,0.0773,0.76425
beyond_the_gates,0.0998,0.1447,0.75575
beyond_the_hills_2012,0.1822,0.10535,0.7124
big_hero_6,0.26135,0.0513,0.6874
bigger_stronger_faster_asterisk,0.2362,0.06315,0.7006
biggie_and_tupac,0.1265,0.12935,0.74415
bill_cunningham_new_york_2010,0.2409,0.03775,0.7213
billy_elliot,0.1926,0.01875,0.7886
birdman_2014,0.15135,0.0863,0.7624
birds_of_passage_2019,0.114,0.06725,0.8187
black_balloon,0.19555,0.04205,0.7625
black_dynamite,0.21975,0.0186,0.76165
black_hawk_down,0.1004,0.19325,0.7064
black_panther_2018,0.1737,0.0411,0.78515
black_swan_2010,0.16275,0.08045,0.75675
blackfish_2013,0.1613,0.17295,0.6658
blackkklansman,0.16745,0.111,0.7215
blade_runner_2049,0.1293,0.0537,0.817
blame_it_on_fidel,0.24625,0.03635,0.71735
blancanieves,0.18285,0.043,0.7741
blaze_2018,0.17755,0.0385,0.78395
blind_spot_hitlers_secretary,0.05555,0.0723,0.87225
blinded_by_the_light,0.1784,0.01935,0.8022
blindsight,0.13665,0.06215,0.80115
blindspotting,0.11735,0.07715,0.80545
block_party,0.213,0.06115,0.72585
blood_on_her_name,0.2302,0.0784,0.6916
bloody_sunday,0.1603,0.1187,0.72105
blow_the_man_down,0.1523,0.084,0.7636
blue_car,0.1792,0.10865,0.7122
blue_is_the_warmest_color,0.25425,0.043,0.70265
blue_jasmine,0.136,0.0807,0.7833
blue_ruin,0.13865,0.1955,0.6661
blue_valentine,0.12785,0.09575,0.77645
bobby_fischer_against_the_world,0.165052632,0.091315789,0.743631579
body_of_war,0.095052632,0.156631579,0.748210526
bolt,0.2654,0.06135,0.6731
bombshell_the_hedy_lamarr_story,0.20005,0.06375,0.7361
bon_voyage_2004,0.2442,0.042,0.71375
bone_tomahawk,0.1622,0.0989,0.73895
booksmart,0.2745,0.04935,0.6762
borat,0.2273,0.1122,0.6604
borat_subsequent_moviefilm,0.1049,0.11595,0.77935
border_2018,0.1558,0.05425,0.7899
born_into_brothels,0.1774,0.08285,0.73975
born_to_be_wild_2011,0.2302,0.02915,0.74065
bourne_identity,0.2162,0.03085,0.753
bourne_supremacy,0.1735,0.07085,0.7557
bourne_ultimatum,0.16635,0.07425,0.7594
bowling_for_columbine,0.2035,0.1533,0.6431
boxing_gym,0.12035,0.03225,0.8474
boy_2012,0.20805,0.0431,0.7488
boy_a,0.10215,0.0825,0.8152
boy_and_the_world,0.14415,0.04735,0.8084
boyhood,0.14865,0.0433,0.8081
boys_state,0.1526,0.0457,0.80175
bpm,0.1562,0.0712,0.7725
brand_upon_the_brain,0.106842105,0.073052632,0.820157895
brave_2012,0.26205,0.0599,0.678
breach,0.22035,0.12695,0.6527
brick,0.16125,0.07235,0.7663
bridesmaids_2011,0.2727,0.05255,0.6748
bridge_of_spies,0.1976,0.0991,0.70335
bridge_to_terabithia,0.2195,0.074,0.7065
bridget_jones_diary,0.2632,0.05875,0.67815
bright_leaves,0.19235,0.0691,0.73865
bright_lights_starring_carrie_fisher_and_debbie_reynolds,0.223,0.06905,0.70805
bright_star,0.15375,0.09435,0.752
bring_it_on,0.19675,0.07065,0.7326
broadway_the_golden_age,0.1921,0.01075,0.79715
brokeback_mountain,0.182,0.0775,0.74045
broken_embraces,0.104,0.07675,0.81915
broken_flowers,0.22165,0.06415,0.7142
broken_wings_2002,0.1797,0.094,0.7263
brooklyn,0.2495,0.0495,0.70095
brooklyn_castle_2012,0.19145,0.04755,0.761
brotherhood_of_the_wolf,0.1375,0.08195,0.7805
brothers_2004,0.1564,0.05125,0.79225
bubba_ho_tep,0.24185,0.0848,0.6734
buck,0.15295,0.01825,0.8288
buffalo_soldiers,0.1026,0.1118,0.78555
bukowski_born_into_this,0.14115,0.05255,0.8064
bully_2012,0.1072,0.2139,0.67875
bumblebee,0.1784,0.03575,0.78575
bunuel_in_the_labyrinth_of_the_turtles,0.261142857,0.027785714,0.711071429
buried,0.0957,0.0895,0.8148
burma-vj,0.18295,0.09145,0.7256
burn_after_reading,0.18445,0.0972,0.71825
burning_2018,0.14625,0.0728,0.7809
bus_174,0.09385,0.1232,0.78295
business_of_strangers,0.16165,0.0297,0.80865
by_the_grace_of_god_2019,0.23585,0.05865,0.7055
cache_2005,0.10645,0.07785,0.81575
caesar_must_die_2012,0.1167,0.1045,0.77885
cairo_time,0.1427,0.0278,0.8295
call_me_by_your_name,0.21805,0.0397,0.74215
call_me_kuchu_2011,0.12705,0.16835,0.70475
calle_54,0.2244,0.0051,0.7705
calvary_2013,0.15135,0.11845,0.7301
cam,0.161,0.074526316,0.764526316
cameraperson,0.1433,0.02925,0.82745
can_you_ever_forgive_me,0.20385,0.08,0.71615
capernaum,0.09385,0.07465,0.83135
captain_america_civil_war,0.1651,0.0963,0.73845
captain_america_the_first_avenger,0.2544,0.04925,0.69635
captain_america_the_winter_soldier_2014,0.1856,0.06255,0.75175
captain_marvel,0.2686,0.05005,0.68145
captain_phillips,0.1643,0.0439,0.79185
capturing_the_friedmans,0.10765,0.0924,0.8
caramel,0.23815,0.0204,0.7415
carancho,0.1138,0.1142,0.772
carlos_2010,0.1384,0.08445,0.77715
carol,0.2266,0.03195,0.7414
cars,0.14965,0.0432,0.8071
cartel_land,0.10145,0.14175,0.7568
casino_jack_and_the_united_state_of_money,0.12565,0.0619,0.8125
casino_royale,0.1724,0.0358,0.7918
cast_away,0.1444,0.04715,0.8084
catch_me_if_you_can,0.24655,0.0487,0.70475
caterina_in_the_big_city,0.26585,0.03955,0.69465
catfish,0.1381,0.1048,0.75705
cats_meow,0.1814,0.05385,0.7648
cave_of_forgotten_dreams,0.14695,0.0281,0.8249
cave_of_the_yellow_dog,0.2091,0.04005,0.75085
cedar_rapids_2010,0.22795,0.06875,0.70335
cell-211,0.144388889,0.131,0.724722222
cemetery_of_splendor,0.13165,0.0422,0.8261
certain_women_2016,0.11095,0.04935,0.8398
certified_copy,0.2205,0.0565,0.72295
chained_for_life_2018,0.201866667,0.070466667,0.727733333
changing_lanes,0.17075,0.05915,0.77005
chaos2001,0.166166667,0.116722222,0.717055556
charlie_and_the_chocolate_factory,0.2198,0.0737,0.70645
charlie_wilsons_war,0.1807,0.08785,0.73145
charlies_angels,0.15715,0.09065,0.75215
charlotte_sometimes,0.240466667,0.021466667,0.7382
charlottes_web,0.18945,0.07025,0.7402
chasing_ice_2012,0.1283,0.07565,0.796
chavez_inside_the_coup,0.2207,0.04985,0.7295
che_part_two,0.1108125,0.0421875,0.846875
cheap_thrills_2013,0.17535,0.14695,0.6778
chef_2014,0.17885,0.03935,0.78185
cherry_blossoms_hanami,0.17,0.06595,0.76405
chicago,0.1567,0.0952,0.7482
chicago_10,0.11875,0.0326,0.84865
chicken_run,0.14,0.0675,0.7925
chico_and_rita,0.21375,0.036,0.75025
chihwaseon,0.1544,0.0581,0.78755
children_of_men,0.1901,0.077,0.73295
childs_pose,0.1243,0.09255,0.7831
chocolat,0.2197,0.0575,0.72275
chop_shop,0.10085,0.07475,0.8244
chopper,0.17705,0.1101,0.71295
chronicle,0.20355,0.0428,0.7536
chronicles_of_narnia_lion_witch_wardrobe,0.23695,0.04945,0.71365
chuck_and_buck,0.1963,0.09385,0.70975
chunhyangdyun_2000,0.199166667,0.007,0.793833333
cinderella_man,0.1853,0.0464,0.7683
circumstance,0.176,0.04625,0.77775
circus_of_books,0.236842105,0.018263158,0.744894737
citizen_jane_battle_for_the_city,0.1872,0.08205,0.7309
citizen_k,0.1411,0.04995,0.80895
citizenfour,0.14735,0.07095,0.7817
city_hall_2020,0.1456,0.0242,0.83
city_island,0.19585,0.07785,0.7262
city_of_ghosts_2017,0.10705,0.1892,0.7038
city_of_god,0.1856,0.09765,0.7168
city_of_life_and_death,0.13295,0.12525,0.74165
claim,0.191,0.0541,0.75485
clemency_2019,0.1241,0.0707,0.8051
closed_curtain,0.1533,0.0774,0.7694
closet,0.21565,0.04385,0.74055
clouds_of_sils_maria,0.20025,0.02315,0.7766
cloverfield,0.13545,0.07915,0.78545
cockettes,0.3105625,0.026125,0.66325
coco_2017,0.2285,0.02915,0.74235
code_unknown,0.14745,0.0768,0.77575
coded_bias,0.141285714,0.126714286,0.732142857
cold_war_2018,0.19075,0.08495,0.7243
colette_2018,0.19905,0.04535,0.75555
collateral,0.2395,0.0891,0.6714
collective_2020,0.16135,0.07525,0.7635
columbus_2017,0.1761,0.0405,0.7834
come_early_morning,0.13595,0.0027,0.86135
comedian,0.146,0.1012,0.75275
comedy_of_power,0.1507,0.07015,0.7791
command_and_control,0.118166667,0.152333333,0.729555556
compliance_2012,0.0981,0.166,0.7359
computer_chess_2013,0.20695,0.06775,0.72535
confessions_of_a_dangerous_mind,0.1736,0.06865,0.75775
constant_gardener,0.19795,0.08095,0.72105
contagion_2011,0.17145,0.16935,0.65915
control,0.1096,0.09435,0.796
control_room,0.17975,0.0578,0.7624
cooler,0.18725,0.04745,0.7653
coraline,0.29725,0.085,0.61785
coriolanus_2010,0.17275,0.09445,0.7327
cormans_world_exploits_of_a_hollywood_rebel,0.22225,0.06035,0.7175
corporation,0.1448,0.10475,0.75035
corpse_bride,0.13725,0.1316,0.73105
corpus_christi_2020,0.1449,0.0798,0.7753
countdown_to_zero,0.1389,0.1465,0.71465
coup_53,0.125,0.0825,0.7925
court,0.1599,0.1122,0.72805
crazy_heart,0.1947,0.0494,0.75575
crazy_rich_asians,0.2254,0.0714,0.7032
crazy_stupid_love_2011,0.18835,0.064,0.7476
creed_2015,0.1879,0.0509,0.7612
creed_ii,0.17455,0.07805,0.7473
crimson_gold,0.1427,0.09235,0.7649
crip_camp_a_disability_revolution,0.1946,0.0238,0.7816
cropsey,0.08065,0.1831,0.7362
crouching_tiger_hidden_dragon,0.2021,0.03145,0.76635
croupier,0.207333333,0.046722222,0.746111111
csa_the_confederate_states_of_america,0.13755,0.12255,0.74
curious_case_of_benjamin_button,0.154,0.07615,0.77
custody_2018,0.13365,0.10245,0.76385
cutie_and_the_boxer,0.1427,0.05005,0.8072
cyrus,0.22245,0.08755,0.6899
da_5_bloods,0.1208,0.0709,0.8083
dallas_buyers_club_2013,0.15505,0.0448,0.8002
damned_united,0.2121,0.1069,0.68085
dancer_in_the_dark,0.08605,0.1213,0.7926
dangerous_lives_of_altar_boys,0.17065,0.07795,0.75135
daniel_ellsberg_doc,0.0983,0.0697,0.8319
dark_days,0.09055,0.10805,0.80145
dark_horse_2016,0.18735,0.03355,0.7791
dark_money,0.102857143,0.089642857,0.807428571
dark_waters_2019,0.14585,0.1095,0.74465
darkest_hour_2017,0.11695,0.10455,0.77845
daughter_from_danang,0.18785,0.024,0.78815
david_byrnes_american_utopia,0.1713,0.03375,0.79495
dawn_of_the_dead,0.21235,0.12465,0.663
dawn_of_the_planet_of_the_apes,0.14295,0.0514,0.80565
dawson_city_frozen_time,0.186529412,0.040117647,0.773352941
day_i_became_a_woman,0.1935,0.0135,0.79305
de_palma,0.1865,0.02325,0.79025
de_rouille_et_dos_2012,0.0882,0.096,0.8157
de_zaak_alzheimer,0.16765,0.073,0.75925
deadpool,0.1335,0.07455,0.792
deadpool_2,0.18675,0.0666,0.7466
deadwood_the_movie,0.1771,0.03145,0.79145
dear_frankie,0.2012,0.04245,0.75635
dear_white_people,0.1973,0.06425,0.7383
deceptive_practice_the_mysteries_and_mentors_of_ricky_jay,0.1187,0.0187,0.8626
declaration_of_war,0.10565,0.18045,0.71395
deep_end,0.11935,0.0786,0.80205
deliver_us_from_evil,0.1601,0.1836,0.6562
demon_2016,0.17095,0.12875,0.70045
departed,0.2072,0.0795,0.71325
descent,0.10655,0.13355,0.76
detroit_2017,0.1004,0.15425,0.74535
detropia_2012,0.12005,0.0835,0.79645
devil_came_on_horseback,0.0622,0.18705,0.7509
devils_backbone,0.20565,0.13165,0.66275
diamond_men,0.2063,0.0298,0.7639
diana_vreeland_the_eye_has_to_travel_2012,0.1681,0.03025,0.8017
dick_johnson_is_dead,0.18965,0.1195,0.6909
dig,0.16595,0.0975,0.73655
dina_2017,0.19,0.02445,0.7856
dinner_rush,0.191176471,0.044411765,0.764470588
diplomatie,0.1354,0.0308,0.8337
dirty_god,0.153,0.1285,0.7185
dirty_pretty_things,0.2518,0.06675,0.68135
disappearance_of_alice_creed,0.12215,0.1132,0.76475
disclosure_2020_2,0.1329375,0.031125,0.8358125
disgrace,0.2084,0.1127,0.67875
dish,0.31415,0.0101,0.67575
disneynature_bears,0.17805,0.05385,0.7681
disneynature_earth_2009,0.19575,0.0269,0.7774
disneynature_monkey_kingdom,0.18415,0.0534,0.76245
disneynature_oceans,0.15005,0.03285,0.81705
distant,0.1845,0.0467,0.7688
district_9,0.1669,0.0769,0.75615
district_b13,0.1139,0.1029,0.7832
divided_we_fall,0.2495,0.05795,0.6926
divine_intervention_2003,0.167,0.1144,0.7186
dixie_chicks_shut_up_and_sing,0.1821,0.0724,0.7455
django_unchained_2012,0.21,0.1277,0.66225
doctor_strange_2016,0.1878,0.0855,0.7265
dogtooth,0.15755,0.1732,0.6692
dogtown_and_zboys,0.20995,0.02905,0.76105
dolemite_is_my_name,0.2391,0.0178,0.74315
dolores_2017,0.160263158,0.024526316,0.815157895
donnie_darko,0.2023,0.0759,0.72175
donnie_darko_the_directors_cut,0.247636364,0.055181818,0.697
dont_breathe_2016,0.1365,0.1974,0.666
dont_think_twice,0.2152,0.055,0.72985
dope_2015,0.20245,0.062,0.73555
doubt,0.12795,0.0982,0.7739
downfall,0.11105,0.09825,0.7907
dr_t_and_the_women,0.07575,0.06515,0.859
dracula_pages_from_a_virgins_diary,0.14885,0.06755,0.78355
drag_me_to_hell,0.1744,0.2011,0.62445
dreamgirls,0.19135,0.01325,0.7954
drive_2011,0.09505,0.05615,0.8487
driveways,0.1658,0.05015,0.78405
drug_war_2013,0.15135,0.1068,0.7418
drumline,0.20265,0.02085,0.77655
du_levande,0.1249,0.093,0.782
duck_season_2006,0.1604,0.0561,0.78345
duma,0.23965,0.0156,0.74475
dunkirk_2017,0.16415,0.0791,0.7569
eastern_promises,0.1531,0.113,0.7339
easy-a,0.2249,0.0312,0.7438
eat_that_question_frank_zappa_in_his_own_words,0.17595,0.0542,0.7698
eighth_grade,0.21635,0.09645,0.6872
el_aura,0.10875,0.069,0.8222
elaine_stritch_shoot_me_2013,0.14145,0.07595,0.78275
election_2,0.17885,0.07625,0.74495
electric_boogaloo_the_wild_untold_story_of_cannon_films,0.161214286,0.098071429,0.740714286
elena_2012,0.15095,0.074,0.77505
elf,0.27875,0.05945,0.66175
elite_squad_the_enemy_within,0.0968,0.1106,0.79245
elle_2016,0.1822,0.1311,0.6868
elling,0.27045,0.01565,0.7139
embrace_of_the_serpent,0.2457,0.0456,0.7088
emma_2020,0.2077,0.0548,0.73745
emperors_new_groove,0.18285,0.0495,0.76775
en_kongelig_affaere,0.2572,0.0401,0.7027
enchanted,0.2813,0.0306,0.6881
end_of_the_century_the_story_of_the_ramones,0.1755,0.0366,0.78785
end_of_watch,0.11215,0.09085,0.797
endless_poetry,0.14985,0.04385,0.8063
enola_holmes,0.2203,0.00745,0.77225
enough_said_2013,0.2637,0.09085,0.64545
enron_the_smartest_guys_in_the_room,0.11795,0.11755,0.76445
erin_brockovich,0.23115,0.03555,0.73325
ernest_and_celestine,0.2172,0.02025,0.7626
eternal_sunshine_of_the_spotless_mind,0.26125,0.0753,0.66335
etz_limon,0.1668,0.0552,0.77795
eureka_2001,0.1179,0.0331,0.84915
even_the_rain,0.1124,0.0432,0.8444
everlasting_moments,0.16785,0.0553,0.7768
every_little_step,0.1443,0.03955,0.81605
everybody_wants_some,0.1597,0.0465,0.79375
everyday_sunshine_the_story_of_fishbone_2011,0.213222222,0.017777778,0.769
ex_libris_new_york_public_library,0.12905,0.01015,0.8608
ex_machina,0.196,0.0519,0.75215
exiled,0.14135,0.07515,0.78355
exit_through_the_gift_shop,0.2049,0.0456,0.74935
exorcist_the_version_youve_never_seen,0.1434,0.15895,0.69755
extra_ordinary,0.259588235,0.049,0.691352941
eye_in_the_sky,0.1364,0.1094,0.75415
faces_places,0.19835,0.0197,0.78195
fahrenheit_911,0.13025,0.13035,0.7394
fair-game-2010,0.13635,0.11975,0.74385
faithless_2001,0.20065,0.08105,0.7183
fantasia_2000,0.17915,0.05915,0.7617
far_from_heaven,0.2253,0.07635,0.6983
farewell,0.1883,0.039,0.7726
farewell_amor,0.2096,0.02285,0.7676
farewell_my_queen,0.11205,0.07455,0.8134
fat_girl,0.1613,0.1199,0.71875
father_of_my_children,0.1116,0.08145,0.807
feels_good_man,0.1546,0.0406,0.8048
felicite_2017,0.109235294,0.065294118,0.825529412
fences_2016,0.16035,0.07205,0.76755
festival_express,0.1242,0.05675,0.81895
fiddler_a_miracle_of_miracles,0.167928571,0.023214286,0.808857143
fighting_with_my_family,0.1538,0.07715,0.7691
fill_the_void,0.15705,0.0394,0.8036
film_unfinished,0.05235,0.1747,0.773
filmworker,0.1324,0.06125,0.8064
filth_and_the_fury,0.034090909,0,0.965909091
finders_keepers_2015,0.1308,0.1335,0.73575
finding_dory,0.16835,0.05635,0.77535
finding_forrester,0.194,0.0625,0.74355
finding_nemo,0.25175,0.03665,0.71155
finding_neverland,0.1792,0.0401,0.78075
finding_vivian_maier,0.17745,0.04395,0.77855
fire_at_sea_2016,0.07555,0.12365,0.80075
fireball_visitors_from_darker_worlds,0.1468125,0.0513125,0.802
fireworks_wednesday,0.10255,0.06345,0.8341
first_cow,0.1973,0.0284,0.7742
first_love_2019,0.1846,0.093,0.72225
first_man,0.12915,0.09455,0.77625
first_position_2011,0.17335,0.0253,0.8013
first_reformed,0.1446,0.09195,0.76345
fish_tank,0.15,0.0813,0.7688
five_obstructions,0.22405,0.07105,0.70485
flammen_and_citronen,0.11635,0.0955,0.7881
flee,0.241066667,0.080733333,0.6782
florence_foster_jenkins_2016,0.22155,0.0915,0.68685
flow_for_love_of_water,0.09685,0.11945,0.78375
food_inc,0.08705,0.09645,0.8164
footnote,0.15015,0.11455,0.73515
for_sama,0.13215,0.0986,0.7693
for_the_bible_tells_me_so,0.1573,0.0513,0.79145
force_majeure_2014,0.16535,0.09845,0.73615
ford_v_ferrari,0.21255,0.0449,0.7425
forgetting_sarah_marshall,0.2055,0.07655,0.7179
four_lions,0.1964,0.1812,0.62235
fourteen_2019,0.181266667,0.0488,0.7698
foxcatcher,0.12085,0.09685,0.7823
foxtrot_2018,0.15735,0.08865,0.75405
frances_ha,0.24125,0.0873,0.6714
frank_2014,0.24725,0.08155,0.6712
frankenweenie_2012,0.22435,0.0118,0.76385
frantz,0.13245,0.11,0.75755
freaky_friday,0.3412,0.049,0.60975
free_solo,0.187,0.0632,0.74985
frequency,0.17095,0.0849,0.7441
frida,0.2059,0.0549,0.7392
friday_night,0.18455,0.03895,0.77655
friday_night_lights,0.11875,0.08285,0.7984
from_up_on_poppy_hill,0.2321,0.0233,0.74455
frostnixon,0.17025,0.063,0.7667
frozen_2013,0.18795,0.03875,0.7733
frozen_river,0.1393,0.0408,0.8198
fruitvale_station,0.1201,0.1153,0.7646
funny-ha-ha,0.224157895,0.077842105,0.697947368
gangs_of_new_york,0.1844,0.1066,0.7091
gangster-no-1,0.130470588,0.147764706,0.721882353
garden_state,0.19585,0.0375,0.76665
gasland,0.193461538,0.132384615,0.674153846
get_low,0.18445,0.04755,0.768
get_out,0.14375,0.094,0.7623
gett_the_trial_of_viviane_amsalem,0.1085,0.11,0.7815
ghost_dog_the_way_of_the_samurai,0.203,0.14015,0.65695
ghost_world,0.24085,0.1216,0.6375
ghosts_of_the_abyss,0.1485,0.02915,0.82235
gigantic,0.18525,0.02985,0.7849
gimme_danger,0.16925,0.06875,0.7619
gimme_the_loot_2012,0.19905,0.0593,0.74165
ginger_snaps,0.1940625,0.0668125,0.7390625
girl_cut_in_two,0.1436,0.07225,0.7842
girl_with_a_pearl_earring,0.1412,0.0457,0.81305
girlfight,0.1285,0.0455,0.82605
girlhood_2015,0.1399,0.03135,0.8287
girls_trip,0.19565,0.1018,0.7026
gladiator,0.17115,0.09485,0.734
gleason_2016,0.19925,0.0605,0.74015
gloomy_sunday,0.241777778,0.085722222,0.6725
gloria_2012,0.2081,0.0493,0.74255
gloria_bell,0.1746,0.02495,0.80055
go_tigers,0.210133333,0.045533333,0.7444
god_grew_tired_of_us,0.1448,0.1225,0.7328
gods_own_country_2017,0.15195,0.09375,0.7542
going_clear_scientology_and_the_prison_of_belief_2015,0.1149,0.151,0.7341
going_upriver_the_long_war_of_john_kerry,0.1267,0.0788,0.7944
gomorrah,0.07455,0.1559,0.76945
gone_baby_gone,0.15885,0.06125,0.77995
gone_girl,0.15155,0.124,0.7245
gonzo-the-life-and-work-of-dr-hunter-s-thompson,0.1476,0.0702,0.7821
good_bye_lenin,0.2427,0.0664,0.691
good_girl,0.21555,0.04115,0.74335
good_hair,0.2116,0.0289,0.75945
good_manners,0.178142857,0.069642857,0.752285714
good_thief,0.2163,0.07535,0.7083
good_time,0.1445,0.0663,0.78935
goodbye_dragon_inn_2004,0.214444444,0.067777778,0.717833333
goodbye_solo,0.1406,0.06835,0.79115
gook,0.1534,0.0843,0.7624
gosford_park,0.18005,0.05805,0.7619
graduation_2017,0.11835,0.07025,0.8113
gran_torino,0.1601,0.0555,0.7844
grandma_2015,0.24285,0.0312,0.7259
grateful_dawg,0.2542,0.01915,0.72665
gravity_2013,0.16705,0.0517,0.78125
grbavica,0.13845,0.14415,0.7175
green_room_2016,0.1472,0.1345,0.7183
greenberg,0.2113,0.0668,0.72175
grindhouse,0.14465,0.0575,0.798
grizzly_man,0.1735,0.0756,0.75085
grocers_son,0.18655,0.0394,0.77405
grzeli_nateli_dgeebi,0.16135,0.1093,0.7293
guardians_of_the_galaxy,0.18685,0.08725,0.7259
guardians_of_the_galaxy_vol_2,0.1758,0.05435,0.7698
gueros,0.180944444,0.106611111,0.712444444
guerrilla-the-taking-of-patty-hearst,0.130666667,0.081666667,0.787666667
gunda_2020,0.1532,0.0466,0.8001
gunner_palace,0.0819,0.10665,0.8114
gypsy_caravan_when_the_road_bends,0.1089,0.054,0.8371
hacksaw_ridge,0.109,0.1508,0.74015
hail_caesar_2016,0.23015,0.03235,0.7374
hail_satan,0.1858,0.045,0.76925
hairspray,0.25225,0.04185,0.70585
hale_county_this_morning_this_evening,0.1247,0.0219,0.85345
half_nelson,0.16005,0.0467,0.79315
hamilton_2020,0.2009,0.024,0.77515
hannah_arendt,0.17405,0.10235,0.72355
hannah_gadsby_nanette,0.14625,0.1844,0.66935
happy_feet,0.17235,0.0561,0.7716
happy_people_a_year_in_the_taiga,0.1717,0.04305,0.78515
hard_to_be_a_god_2015,0.129882353,0.127764706,0.742235294
harpoon_2019,0.179222222,0.137777778,0.683
harry_potter_and_the_chamber_of_secrets,0.1221,0.0533,0.8247
harry_potter_and_the_deathly_hallows_part_1,0.14025,0.07295,0.78685
harry_potter_and_the_deathly_hallows_part_2_2011,0.1887,0.0392,0.7721
harry_potter_and_the_goblet_of_fire,0.12965,0.1271,0.7433
harry_potter_and_the_half_blood_prince,0.13115,0.05445,0.8144
harry_potter_and_the_order_of_the_phoenix,0.1465,0.074,0.7795
harry_potter_and_the_prisoner_of_azkaban,0.18555,0.0501,0.7644
harry_potter_and_the_sorcerers_stone,0.1807,0.05135,0.7679
haywire_2011,0.20555,0.08315,0.71135
head_on_2005,0.1049,0.0703,0.8248
headhunters,0.18405,0.1081,0.70775
headless_woman,0.165368421,0.079473684,0.755157895
heart_of_a_dog,0.2056,0.0671,0.7273
heart_of_gold,0.16695,0.01615,0.8169
hearts_beat_loud,0.16155,0.05445,0.78405
hedwig_and_the_angry_inch,0.17435,0.0649,0.76085
hell_or_high_water,0.165,0.08405,0.751
hellboy,0.21565,0.07835,0.7059
hellboy_2_the_golden_army,0.1994,0.04535,0.75525
her,0.15965,0.082,0.75825
hereditary,0.09835,0.19345,0.70815
hero,0.21855,0.06665,0.71475
hidden_figures,0.23475,0.0469,0.7184
his_house,0.106,0.1623,0.7318
history_of_violence,0.22005,0.12715,0.653
hitchcocktruffaut,0.1916,0.03875,0.7696
holes,0.176,0.0204,0.80355
holy_motors,0.199,0.06555,0.73535
homecoming_a_film_by_beyonce,0.16985,0.01295,0.8172
honey_boy,0.17725,0.0471,0.77565
honeyland,0.14485,0.07735,0.77785
horton-hears-a-who2008,0.1925,0.0545,0.753
host_2020,0.132928571,0.167714286,0.699214286
hot_fuzz,0.13005,0.07335,0.79665
hotel_rwanda,0.1721,0.124,0.7038
hours,0.19945,0.05685,0.74365
house_of_flying_daggers,0.1878,0.0652,0.74705
house_of_hummingbird,0.2256,0.0285,0.7458
house_of_mirth,0.1824,0.04455,0.773
house_of_sand,0.093,0.048,0.85895
house_of_sand_and_fog,0.19535,0.08145,0.7232
housebound,0.182785714,0.094571429,0.722714286
how_i_killed_my_father,0.105263158,0.078,0.816789474
how_to_survive_a_plague,0.1109,0.1595,0.7296
how_to_train_your_dragon,0.21155,0.05545,0.7329
how_to_train_your_dragon_2,0.2485,0.03375,0.7178
how_to_train_your_dragon_the_hidden_world,0.19085,0.05385,0.7553
howls_moving_castle,0.1998,0.05315,0.747
hubble_3d,0.098764706,0.018117647,0.883117647
hugo,0.1722,0.03105,0.7968
human_flow,0.10535,0.1008,0.79375
humpday,0.175,0.06625,0.75885
hunger_2008,0.1548,0.1514,0.6938
hunt_for_the_wilderpeople,0.2506,0.0401,0.7093
hush_2016,0.124142857,0.047714286,0.828
hustle_and_flow,0.15345,0.04015,0.80645
hustlers_2019,0.17855,0.0365,0.78495
i_am_divine,0.22285,0.078,0.6992
i_am_love,0.18625,0.03205,0.7817
i_am_not_a_serial_killer,0.196055556,0.070944444,0.733055556
i_am_not_a_witch,0.13695,0.11955,0.7436
i_am_not_your_negro,0.11355,0.0607,0.82565
i_am_trying_to_break_your_heart,0.1824,0.0382,0.77935
i_called_him_morgan,0.1555,0.08585,0.75855
i_capture_the_castle,0.28705,0.04465,0.66815
i_daniel_blake,0.10515,0.09175,0.8031
i_dont_want_to_sleep_alone,0.128,0.08455,0.78745
i_lost_my_body,0.212263158,0.084947368,0.702894737
i_love_you_man,0.24555,0.06635,0.6881
i_o_u_s_a,0.1352,0.0995,0.76545
i_served_the_king_of_england,0.142,0.0843,0.7738
i_tonya,0.1741,0.0955,0.73045
i_wish_2012,0.20925,0.03655,0.7542
ice_age,0.2553,0.06915,0.67545
ida_2013,0.138,0.06915,0.7928
if_beale_street_could_talk,0.1688,0.0974,0.7338
il_divo,0.13125,0.0699,0.7989
ill_see_you_in_my_dreams,0.23455,0.0466,0.71885
ilo_ilo,0.2251,0.04905,0.72585
im_going_home,0.23825,0.0435,0.7182
im_no_longer_here,0.1607,0.0419,0.7974
im_not_scared,0.2239,0.07395,0.702
in_a_world_2013,0.22665,0.05225,0.72105
in_america,0.22585,0.0414,0.7328
in_between_2018,0.14975,0.08575,0.76445
in_bruges,0.2223,0.0692,0.7085
in_darkness_2011,0.1756,0.1037,0.7206
in_fabric,0.15735,0.09505,0.7476
in_good_company,0.17455,0.05165,0.7738
in_her_shoes,0.2615,0.0299,0.7086
in_jackson_heights,0.135368421,0.067473684,0.797263158
in_search_of_a_midnight_kiss,0.19075,0.042,0.76715
in_search_of_beethoven,0.16705,0.05355,0.77945
in_the_bedroom,0.1193,0.0611,0.8196
in_the_house_2013,0.10345,0.0632,0.83325
in_the_loop,0.14845,0.10015,0.75145
in_the_mood_for_love_2001,0.20415,0.0734,0.7223
in_the_shadow_of_the_moon,0.1938,0.0217,0.7845
in_this_corner_of_the_world,0.12005,0.06245,0.8176
in_this_world,0.1304,0.1192,0.75025
incendies,0.17045,0.13915,0.6904
inception,0.15805,0.06995,0.77195
inconvenient_truth,0.19545,0.0991,0.70555
incredibles,0.1771,0.0202,0.8027
incredibles_2,0.25045,0.0284,0.7211
indiana_jones_and_the_kingdom_of_the_crystal_skull,0.14355,0.0874,0.769
inequality_for_all_2013,0.2155,0.0701,0.7143
infernal_affairs,0.2046,0.0357,0.7598
inglourious_basterds,0.13225,0.11205,0.7557
ingrid_bergman_in_her_own_words,0.176,0.02875,0.7953
innocence2000,0.18095,0.05585,0.7632
inside_deep_throat,0.14775,0.06425,0.788
inside_job_2010,0.07035,0.15345,0.77615
inside_llewyn_davis_2013,0.21245,0.06665,0.7209
inside_man,0.18155,0.035,0.7834
inside_out_2015,0.15795,0.0419,0.8002
intimate_strangers_2003,0.16625,0.0383,0.7956
into_great_silence,0.1346,0.0323,0.83305
into_the_abyss_2011,0.0615,0.19145,0.747
into_the_wild,0.17725,0.06975,0.75295
intolerable_cruelty,0.2124,0.07495,0.71265
invictus,0.16455,0.044,0.7914
iraq_in_fragments,0.15935,0.049,0.79165
iris_2015,0.23895,0.01215,0.7489
iron_man,0.1943,0.06765,0.7381
iron_man_2,0.15835,0.0674,0.77405
iron_man_3,0.2106,0.0478,0.74155
isle_of_dogs_2018,0.1729,0.0279,0.79915
it_2017,0.14545,0.1566,0.69805
it_comes_at_night,0.11575,0.1753,0.7089
it_follows,0.1025,0.1153,0.7823
it_might_get_loud,0.1061,0.0608,0.83305
italian,0.1924,0.0611,0.74635
italian_for_beginners,0.26715,0.0274,0.70545
ive_loved_you_so_long,0.13385,0.0418,0.82435
jackie_2016,0.1596,0.101,0.73955
jafar_panahis_taxi,0.1991,0.0361,0.7647
james_journey_to_jerusalem,0.159947368,0.051526316,0.788473684
james_white,0.11545,0.10135,0.78315
jane,0.22895,0.02515,0.7459
jane_eyre_2011,0.14295,0.0814,0.7758
janis_little_girl_blue,0.17385,0.06955,0.7567
jcvd,0.1424,0.04785,0.80965
jesus_camp,0.1649,0.119,0.71605
jimmy_neutron_boy_genius,0.18725,0.02885,0.7839
jiro_dreams_of_sushi,0.1552,0.0595,0.78525
joan-rivers-a-piece-of-work,0.21415,0.0602,0.72565
jodorowskys_dune,0.22985,0.0282,0.74195
joe_strummer_the_future_is_unwritten,0.15005,0.05005,0.7999
john_wick,0.12465,0.10785,0.7675
john_wick_chapter_2,0.15795,0.08645,0.75555
john_wick_chapter_3_parabellum,0.16175,0.0661,0.7722
jojo_rabbit,0.1704,0.08805,0.7416
jonestown_the_life_and_death_of_peoples_temple,0.08365,0.09455,0.8218
joy_ride,0.1457,0.11535,0.7389
julie_and_julia,0.18405,0.02275,0.7932
jump_tomorrow,0.2656,0.02305,0.7113
junebug,0.1894,0.0342,0.77635
juno,0.21985,0.0477,0.73235
just_mercy,0.18265,0.06,0.7573
kajillionaire,0.1947,0.08405,0.72125
kandahar_le_soleil_derriere_la_lune,0.11985,0.10505,0.77505
keane,0.12105,0.0959,0.78305
kedi_2017,0.20845,0.03705,0.75445
keep_on_keepin_on,0.2197,0.01425,0.76605
keep_the_lights_on,0.13925,0.09425,0.76645
keep_the_river_on_your_right,0.18105,0.06785,0.75115
keeping_the_faith,0.2136,0.03295,0.7534
kid_stays_in_the_picture,0.2525,0.0398,0.7078
kikujiro,0.194714286,0.056714286,0.748571429
kill_bill_vol_1,0.11905,0.13715,0.7437
kill_bill_volume_2,0.15335,0.1229,0.7237
killer_of_sheep,0.0942,0.0845,0.8213
king_kong,0.2008,0.06545,0.7336
king_of_devils_island_2011,0.16005,0.0655,0.7744
king_of_kong,0.2516,0.06485,0.6835
kinsey,0.14225,0.0749,0.78285
kiss_kiss_bang_bang,0.20025,0.05275,0.74695
kisses2008,0.18145,0.11135,0.70715
kissing_jessica_stein,0.3469,0.04575,0.60735
kit_kittredge_an_american_girl,0.1976,0.08545,0.7169
kitchen_stories,0.2478,0.03915,0.71305
knives_out,0.2346,0.0434,0.7221
knock_down_the_house,0.1745,0.06255,0.763
knocked_up,0.29505,0.0519,0.653
knuckle_2011,0.1037,0.10725,0.7891
koch_2012,0.1598,0.05745,0.7828
kontroll,0.1158,0.07595,0.8082
kraska-v-nesnazich-beauty-in-trouble,0.1258,0.034,0.84025
krisha_2016,0.1236,0.0718,0.8046
kubo_and_the_two_strings_2016,0.23075,0.0692,0.69995
kumiko_the_treasure_hunter,0.2219,0.10655,0.6716
kung_fu_hustle,0.1309,0.15195,0.7171
kung_fu_panda,0.18055,0.0895,0.72985
kung_fu_panda_3,0.1777,0.1111,0.71115
kung_fu_panda_the_kaboom_of_doom,0.20155,0.04525,0.75325
kurt_cobain_montage_of_heck_2015,0.12805,0.06505,0.8069
la-danse----le-ballet-de-lopera-de-paris,0.16375,0.0126,0.8237
la_chambre_bleue,0.0938,0.10725,0.79885
la_cienaga,0.1013,0.11895,0.77975
la_fee,0.20285,0.03685,0.76025
la_la_land,0.2223,0.0383,0.73935
la_llorona_2019,0.084888889,0.220666667,0.694611111
la_nana,0.11695,0.0603,0.82275
la_princesse_de_montpensier,0.1619,0.04005,0.79805
la_stanza_del_figlio,0.17255,0.0255,0.80195
la_tete_en_friche,0.199,0.0382,0.76275
lady_bird,0.2428,0.0275,0.7298
lady_macbeth,0.12225,0.1088,0.76905
lagaan_once_upon_a_time_in_india,0.238,0.0139,0.74805
lake_of_fire,0.1011,0.10415,0.79475
lakeboat,0.195,0.031058824,0.774
land_of_mine,0.14975,0.1369,0.7134
land_of_the_dead,0.112,0.11805,0.77
lantana,0.13235,0.0468,0.82095
lassie,0.1753,0.0415,0.7831
last_days_in_vietnam,0.19135,0.13225,0.67645
last_life_in_the_universe,0.271588235,0.039,0.689411765
last_orders,0.2115,0.0465,0.7421
last_resort_2001,0.22235,0.0762,0.70145
last_train_home-2009,0.1242,0.0766,0.79915
late_marriage,0.1836,0.0549,0.76135
lawless_heart,0.1973,0.03595,0.76675
layer_cake,0.15745,0.073,0.76955
le_havre_2011,0.23,0.0595,0.7107
le_passe,0.12035,0.0544,0.82525
le_week_end,0.2117,0.0675,0.7208
lean_on_pete,0.1488,0.03305,0.8182
leaning_into_the_wind,0.1408,0.038866667,0.820333333
leave_no_trace,0.12785,0.1034,0.7688
lebanon-2010,0.1097,0.14805,0.74215
legally_blonde,0.20135,0.05565,0.74305
lenfant_2006,0.1564,0.10855,0.73485
lenfant_den_haut,0.15015,0.127,0.72275
les-plages-dagnes,0.20545,0.01735,0.7772
let_me_in,0.181,0.1164,0.7025
let_the_fire_burn_2013,0.0442,0.15635,0.79945
let_the_right_one_in,0.2031,0.0899,0.707
letters_from_iwo_jima,0.1274,0.1301,0.7424
leviafan,0.1669,0.1366,0.6966
life-of-pi,0.1657,0.0382,0.79615
life_and_debt,0.0873125,0.119125,0.79375
life_animated,0.18915,0.0199,0.79095
life_itself,0.183,0.09545,0.7216
lilja_4_ever,0.1395,0.08545,0.77495
lilo_and_stitch,0.2693,0.0889,0.64185
lincoln_2011,0.15705,0.03455,0.8084
lincoln_lawyer,0.144,0.04535,0.8106
lion_2016,0.1734,0.0457,0.78085
listen_to_me_marlon,0.13765,0.05365,0.80865
little_children,0.11205,0.0831,0.8048
little_men_2016,0.1394,0.05285,0.80765
little_miss_sunshine,0.2723,0.0602,0.66755
little_otik,0.140866667,0.0778,0.781333333
little_women_2019,0.24515,0.0223,0.73255
little_woods,0.1545,0.03825,0.8073
live_die_repeat_edge_of_tomorrow,0.2282,0.07675,0.69505
live_free_or_die_hard,0.103,0.1012,0.7958
lo_and_behold_reveries_of_the_connected_world,0.1477,0.04425,0.8082
locke,0.1792,0.0378,0.783
logan_2017,0.1102,0.10705,0.7828
logan_lucky,0.3032,0.04975,0.64695
long_way_north,0.2431,0.0395,0.7174
look_at_me,0.1676,0.05145,0.7809
looking_for_eric,0.1702,0.08625,0.7435
lookout,0.23085,0.05985,0.7093
looper,0.12595,0.076,0.7981
lore,0.1518,0.11335,0.735
lornas_silence,0.12465,0.0495,0.8258
los_angeles_plays_itself,0.1486,0.0514,0.8
los_ojos_de_julia,0.0833,0.0494,0.8674
lost_boys_of_sudan,0.1525,0.0949,0.75245
lost_embrace,0.19195,0.04085,0.76715
lost_in_la_mancha,0.1348,0.1463,0.71895
lost_in_translation,0.20315,0.05895,0.73785
lourdes_2010,0.14555,0.0547,0.7998
love_and_basketball,0.2222,0.0171,0.76065
love_and_friendship,0.3489,0.01825,0.6329
love_and_mercy,0.24385,0.0378,0.71835
love_antosha,0.249470588,0.110352941,0.640117647
love_is_strange_2014,0.2255,0.04615,0.72845
love_simon,0.3322,0.03205,0.63575
loveless_2018,0.0614,0.09535,0.84325
lovely_and_amazing,0.1808,0.0505,0.7687
loving_2016,0.20375,0.04115,0.7552
lucky_2017,0.20065,0.0769,0.7225
lumumba,0.15055,0.13135,0.71815
ma_raineys_black_bottom,0.11005,0.05515,0.8348
machinist,0.17665,0.14415,0.67915
mad_hot_ballroom,0.1895,0.0441,0.76635
mad_max_fury_road,0.17125,0.1296,0.69905
made,0.16465,0.0843,0.75105
made_in_dagenham,0.1901,0.0124,0.7975
mademoiselle_chambon,0.1825,0.0507,0.7667
madeo,0.1759,0.05495,0.7692
magdalene_sisters,0.13615,0.1735,0.69035
magic_mike,0.17485,0.0443,0.7809
maiden,0.20925,0.0289,0.76185
make_up_2020,0.200882353,0.089823529,0.709294118
making_waves_the_art_of_cinematic_sound,0.246846154,0.015076923,0.738153846
man_from_reno,0.175941176,0.046647059,0.777411765
man_on_wire,0.1262,0.07415,0.79975
man_push_cart,0.07865,0.08385,0.8375
man_who_wasnt_there,0.1783,0.06905,0.7527
man_without_a_past,0.2475,0.02785,0.7246
manakamana,0.1457,0.03955,0.8147
manchester_by_the_sea,0.09565,0.1309,0.7735
manchurian_candidate,0.2073,0.0581,0.73465
mandy_2018,0.0382,0.1349,0.8268
mank,0.1936,0.05385,0.75245
manufactured_landscapes,0.09705,0.0481,0.8548
march_of_the_penguins,0.2169,0.0465,0.7366
margaret-cho-notorious-cho,0.25045,0.0331,0.71645
margin_call,0.19395,0.096,0.71
marguerite,0.1878,0.07375,0.73855
maria_full_of_grace,0.14105,0.049,0.80995
marina_abramovic_the_artist_is_present_2012,0.09145,0.00965,0.8989
marley,0.16505,0.02905,0.80595
marlina_the_murderer_in_four_acts,0.182928571,0.083428571,0.733714286
marriage_story_2019,0.1785,0.0813,0.7401
martha_marcy_may_marlene,0.0943,0.11465,0.79105
marvels_the_avengers,0.1848,0.0511,0.764
marwencol,0.1238,0.0444,0.8318
mary_poppins_returns,0.1825,0.06335,0.75415
master_and_commander_the_far_side_of_the_world,0.2025,0.0534,0.74415
match_point,0.18315,0.0336,0.7832
matchstick_men,0.1691,0.1134,0.7175
matrix_reloaded,0.1928,0.07595,0.7314
maudie,0.17305,0.06075,0.76625
maxed_out,0.12595,0.10505,0.76895
mayor,0.1625,0.0154375,0.8220625
mcqueen,0.20045,0.0594,0.74015
me_and_you_and_everyone_we_know,0.25605,0.02635,0.71755
me_you_them,0.2473,0.03555,0.7171
mea_maxima_culpa_silence_in_the_house_of_god,0.1497,0.13325,0.71715
mean_creek,0.10185,0.0541,0.8441
mean_girls,0.1883,0.02775,0.7839
meduzot,0.1107,0.04865,0.84065
meeks_cutoff,0.13615,0.07465,0.78915
meet_the_parents,0.25285,0.08645,0.6606
melancholia_2011,0.1872,0.17245,0.64025
memento,0.1086,0.0562,0.83515
memories_of_murder_2003,0.11285,0.1447,0.74245
menashe,0.17,0.04065,0.7894
merci_pour_le_chocolat,0.1413,0.0693,0.7893
mesrine_killer_instinct,0.14125,0.0659,0.7928
mesrine_public_enemy_1,0.1356,0.08415,0.78015
metallica_some_kind_of_monster,0.18455,0.0692,0.7463
metropolis_2002,0.1944,0.03505,0.77055
michael_clayton,0.24735,0.0262,0.72645
michael_jackson_this_is_it,0.1252,0.05755,0.8173
mickey_and_the_bear,0.108083333,0.059583333,0.832416667
microbe_and_gasoline,0.14805,0.0512,0.8008
mid_august_lunch,0.1709,0.0521,0.777
middle_of_nowhere,0.13675,0.0659,0.79725
midnight_family,0.190777778,0.097222222,0.711944444
midnight_in_paris,0.3297,0.0168,0.65345
midnight_traveler,0.18335,0.0537,0.763
midsommar,0.11505,0.16835,0.7167
mighty_heart,0.10315,0.05205,0.8449
mighty_wind,0.2316,0.0311,0.73735
mike_wallace_is_here,0.1414,0.02095,0.8376
milk,0.16755,0.03745,0.795
millennium_actress_2001,0.141526316,0.076842105,0.781631579
million_dollar_baby,0.2565,0.06795,0.67555
millions,0.3187,0.0219,0.6594
minari,0.2121,0.0458,0.7421
minding_the_gap,0.16615,0.0509,0.7829
minority_report,0.1922,0.11985,0.688
mio_fratello_e_figlio_unico,0.14455,0.0746,0.78095
miracle,0.1849,0.0279,0.78725
miss_bala_2011,0.1195,0.0998,0.7806
miss_hokusai,0.11615,0.0484,0.83535
miss_juneteenth,0.2077,0.05765,0.73475
miss_pettigrew_lives_for_a_day,0.1556,0.06485,0.7796
mission_impossible_2,0.1277,0.07225,0.8
mission_impossible_fallout,0.23175,0.03455,0.73375
mission_impossible_ghost_protocol,0.1173,0.03215,0.85055
mission_impossible_rogue_nation,0.2173,0.0417,0.741
mississippi_grind,0.1542,0.0443,0.8015
mistaken_for_strangers,0.2272,0.07245,0.70025
moana_2016,0.15085,0.0429,0.80615
mondays_in_the_sun,0.1622,0.03765,0.80015
moneyball,0.1936,0.0587,0.7476
mongol,0.1392,0.08085,0.77985
monos,0.1548,0.12545,0.71965
monsieur_ibrahim,0.1895,0.0258,0.7847
monsieur_lazhar_2011,0.1789,0.0818,0.7393
monsoon_wedding,0.2454,0.06305,0.6914
monster,0.1713,0.1154,0.7134
monster_house,0.16165,0.0617,0.7765
monsters_ball,0.1168,0.09685,0.78635
monsters_inc,0.2735,0.0289,0.6976
montparnasse_bienvenue,0.1430625,0.0565625,0.8003125
moolaade,0.1945,0.0593,0.74615
moon,0.19635,0.0512,0.7525
moonlight_2016,0.1428,0.05895,0.79825
moonrise_kingdom,0.1792,0.0396,0.7812
more_than_honey,0.1446,0.0711,0.7842
morvern_callar,0.0947,0.07305,0.83225
moscow_belgium,0.14565,0.06195,0.7923
mostly_martha,0.23695,0.02175,0.7413
mother_and_child,0.14015,0.0516,0.8083
mother_of_george_2013,0.1403,0.0481,0.8116
moulin_rouge_2001,0.2072,0.0652,0.7276
mountain_patrol_2006,0.1654,0.09895,0.73565
moustache,0.10675,0.09595,0.79735
mr_holmes,0.1564,0.05365,0.78995
mr_turner,0.1595,0.055,0.78555
much_ado_about_nothing_2012,0.19145,0.0735,0.7351
mucho_mucho_amor,0.275,0.0315,0.693555556
mud_2013,0.21315,0.03935,0.74755
mudbound,0.1786,0.0743,0.7471
mulholland_dr,0.16645,0.0925,0.74105
munich,0.12085,0.08585,0.7933
murderball,0.2576,0.09245,0.6499
murderous_maids,0.1498,0.1485,0.7017
muscle_shoals_2013,0.21905,0.0306,0.75035
museum_hours,0.1419,0.0539,0.8042
must_read_after_my_death,0.06515,0.1059,0.8289
mustang_2015,0.1874,0.09735,0.71525
mutual_appreciation,0.17665,0.06725,0.75605
my-dog-tulip,0.20955,0.06065,0.7297
my_architect,0.15005,0.06045,0.7895
my_big_fat_greek_wedding,0.2289,0.04275,0.72845
my_brother_the_devil_2012,0.150611111,0.094444444,0.755
my_dog_skip,0.16145,0.0612,0.77735
my_journey_through_french_cinema,0.138333333,0.027388889,0.834222222
my_kid_could_paint_that,0.1722,0.0657,0.76225
my_life_as_a_zucchini,0.2103,0.05345,0.7363
my_summer_of_love,0.22645,0.0474,0.72605
my_week_with_marilyn,0.15545,0.0841,0.76055
mysteries_of_lisbon,0.12115,0.0527,0.8262
mysterious_skin,0.16005,0.11445,0.7255
mystic_river,0.20715,0.0946,0.69835
mystify_michael_hutchence,0.162333333,0.121416667,0.71625
namesake,0.1883,0.0429,0.76885
nanking,0.105833333,0.090777778,0.803388889
narc,0.15825,0.0732,0.7685
narco_cultura_2013,0.09405,0.14575,0.76025
nas_time_is_illmatic_2014,0.12085,0.01795,0.86125
national_gallery,0.1385,0.01695,0.84455
nebraska,0.14745,0.07535,0.77715
neil_young_journeys,0.1271,0.03235,0.84055
neruda_2016,0.1572,0.04835,0.79445
never_rarely_sometimes_always,0.135,0.03945,0.82555
new_york_doll,0.182388889,0.036222222,0.781388889
news_of_the_world,0.16385,0.04985,0.7862
nicholas_nickleby_2002,0.18325,0.0253,0.7914
nick_and_norahs_infinite_playlist,0.20725,0.0361,0.7566
nico_and_dani,0.20465,0.061,0.73435
night_catches_us,0.1077,0.06565,0.82665
night_comes_on,0.174466667,0.0572,0.768333333
night_moves_2013,0.17155,0.076,0.75235
night_of_the_kings,0.177368421,0.069157895,0.753421053
nightcrawler,0.10845,0.10465,0.78705
nine_queens,0.29375,0.0429,0.66335
no_2012,0.13655,0.0777,0.78575
no_country_for_old_men,0.1299,0.09495,0.77515
no_end_in_sight,0.06905,0.22915,0.70175
no_mans_land,0.1313,0.12575,0.74295
no_one_knows_about_persian_cats,0.12485,0.1045,0.7707
nobody_knows,0.1604,0.04715,0.79245
noi-the-albino,0.134333333,0.072111111,0.7935
norte_the_end_of_history,0.13335,0.05385,0.81275
north_face,0.1062,0.1066,0.78715
nostalgia_for_the_light,0.153105263,0.038105263,0.808736842
not_one_less,0.157357143,0,0.842642857
not_quite_hollywood,0.1523,0.036,0.8117
notes_on_a_scandal,0.15915,0.141,0.6998
notes_on_blindness,0.170105263,0.077894737,0.752
nothing_but_the_truth_2008,0.1476,0.0544,0.798
nowhere-in-africa,0.2341,0.0111,0.7548
nowhere_boy,0.1241,0.0631,0.81275
nurse_betty,0.1545,0.1224,0.7231
nuts_2016,0.16525,0.0381,0.79665
o_brother_where_art_thou,0.2921,0.0586,0.6493
o_som_ao_redor_2012,0.1628,0.0459,0.79135
obit,0.12885,0.05005,0.82115
obvious_child,0.21465,0.0504,0.73495
oceans_eleven,0.21035,0.0571,0.73255
of_gods_and_men,0.13615,0.0745,0.7894
of_time_and_the_city,0.15985,0.06435,0.77585
offside,0.19185,0.0565,0.7516
oh_lucy_2018,0.1453,0.09085,0.7638
ohorten,0.1998,0.0485,0.7517
oj_made_in_america,0.148,0.04095,0.81105
okja,0.15175,0.1091,0.73915
old_joy,0.23955,0.01915,0.74135
oldboy,0.16515,0.22895,0.60585
omar,0.1343,0.10325,0.76265
on_her_shoulders,0.13825,0.115,0.7468
on_the_record,0.1202,0.1101,0.76975
once,0.1889,0.02335,0.78775
once_upon_a_time_in_anatolia,0.1194,0.05425,0.8263
once_upon_a_time_in_hollywood,0.13415,0.03865,0.8273
one_child_nation,0.12205,0.15285,0.72505
one_cut_of_the_dead,0.2408,0.131333333,0.627866667
one_hour_photo,0.14965,0.10865,0.7417
one_night_in_miami,0.158,0.00965,0.83235
ongbak,0.0909,0.09195,0.81715
only_lovers_left_alive,0.22055,0.0506,0.7288
onward,0.1951,0.0525,0.7524
open_hearts,0.1429,0.0464,0.8107
open_range,0.1588,0.0449,0.79625
original_kings_of_comedy,0.14425,0.05435,0.8014
osama,0.12965,0.1274,0.74295
oslo_august_31st,0.14935,0.0816,0.76905
other_guys,0.14675,0.06575,0.78745
our_brand_is_crisis,0.105,0.13485,0.76
our_children_2012,0.13605,0.1292,0.7347
our_lady_of_the_assassins,0.1457,0.12105,0.73325
our_little_sister,0.14515,0.05725,0.79765
our_nixon,0.11635,0.067,0.81665
our_song,0.1486,0.03185,0.8196
outfoxed_rupert_murdochs_war_on_journalism,0.0982,0.09095,0.81085
over_the_hedge,0.27405,0.04475,0.68135
overnight,0.115,0.0734,0.81165
owning_mahowny,0.15835,0.0707,0.77085
paddington_2,0.21935,0.0348,0.7459
paddington_2014,0.31005,0.03475,0.65525
pain_and_glory,0.18925,0.0624,0.7483
palm_springs_2020,0.21545,0.05585,0.7288
panic_room,0.18065,0.09465,0.7247
pans_labyrinth,0.14715,0.0805,0.77245
paprika,0.1577,0.07845,0.76385
paradise_now,0.1459,0.09585,0.7581
paranormal_activity,0.08745,0.1317,0.78085
paranorman,0.2364,0.0772,0.68635
parasite_2019,0.20505,0.08055,0.71445
pariah_2011,0.1531,0.0671,0.77975
paris_je_taime,0.20415,0.0387,0.7571
particle_fever,0.15045,0.0236,0.8259
paterson,0.2,0.02555,0.77445
pauline_and_paulette,0.20505,0.0236,0.7714
persepolis,0.19395,0.05,0.756
petes_dragon_2016,0.1631,0.04425,0.7927
phantom_thread,0.20005,0.06855,0.73135
philomena,0.1894,0.1026,0.70805
phoenix_2015,0.12595,0.06715,0.80685
pianist,0.15955,0.11695,0.7235
piano_teacher,0.13995,0.1568,0.70325
pick_of_the_litter,0.17455,0.0476,0.7778
pieces_of_april,0.29185,0.02145,0.6866
pina_3d,0.1569,0.01255,0.83055
pirates_of_the_caribbean_the_curse_of_the_black_pearl,0.2225,0.0335,0.74395
pitch_black,0.12845,0.0835,0.78805
plagues_and_pleasures_on_the_salton_sea,0.141411765,0.091117647,0.767411765
poetry_2010,0.1193,0.08895,0.79175
point_blank,0.07275,0.0525,0.87465
police_adjective,0.1194,0.0737,0.8069
polisse_2011,0.14625,0.0993,0.75445
pollock,0.15375,0.06925,0.7769
pontypool,0.1541,0.1252,0.7207
ponyo,0.17285,0.0474,0.77975
poohs_heffalump_movie,0.2734,0.044,0.6826
portrait_of_a_lady_on_fire,0.2726,0.03445,0.693
possessor_uncut,0.0992,0.11075,0.7901
potiche,0.19285,0.06675,0.7404
prairie_home_companion,0.2592,0.03585,0.70495
precious,0.24675,0.08985,0.6634
prestige,0.15875,0.07445,0.7667
priceless,0.14725,0.063,0.78965
pride_2014,0.22625,0.04775,0.72605
princess_and_the_warrior,0.12735,0.0821,0.7906
princess_cyd,0.163866667,0.040133333,0.796066667
prisoners_2013,0.16395,0.1108,0.7253
private_life_2018,0.15285,0.0702,0.77695
project_nim,0.1109,0.1263,0.76285
promises,0.184611111,0.089833333,0.725444444
promising_young_woman,0.2578,0.07885,0.6633
proposition,0.12455,0.11565,0.75975
punchdrunk_love,0.22145,0.0748,0.70365
queen_of_earth,0.14905,0.09505,0.75605
queen_of_katwe_2016,0.1591,0.0264,0.81455
quest_2017,0.1452,0.04435,0.81045
quills,0.1353,0.02765,0.837
quinceanera,0.2363,0.03755,0.72625
rabbit_hole,0.17985,0.14065,0.6796
rabbitproof_fence,0.15945,0.0309,0.8096
rachel_getting_married,0.1996,0.0766,0.72365
raising_victor_vargas,0.18665,0.0174,0.79595
ralph_breaks_the_internet,0.17875,0.04545,0.7758
rams,0.1764,0.08715,0.7364
rango,0.1613,0.03465,0.80415
rare_exports,0.2109,0.0682,0.72085
ratatouille,0.2403,0.03785,0.72185
raw_2017,0.1363,0.0771,0.7866
ray,0.17125,0.0298,0.79895
ray_and_liz,0.1489,0.0587,0.79235
rbg,0.2078,0.05415,0.73795
read_my_lips,0.25385,0.03175,0.71445
ready_or_not_2019,0.2273,0.13795,0.6348
real_women_have_curves,0.24365,0.0187,0.73765
red_army_2015,0.1635,0.0304,0.8061
red_cliff,0.1106,0.0737,0.8157
red_lights,0.07215,0.0973,0.8305
red_riding_trilogy,0.14855,0.1188,0.7327
red_road,0.17245,0.06895,0.75855
relic,0.122,0.1199,0.7581
remember_the_titans,0.14665,0.1016,0.7518
requiem_for_a_dream,0.13435,0.09925,0.76635
rescue_dawn,0.1989,0.0342,0.76685
respire_2014,0.16195,0.08735,0.75085
restrepo,0.07795,0.18135,0.74065
return_to_me,0.27605,0.02585,0.69815
revanche,0.1383,0.1118,0.7499
revenge_2018,0.0772,0.19555,0.72725
rewind_2020,0.180875,0.1379375,0.6810625
riding_alone_for_thousands_of_miles,0.128,0.064,0.80795
riding_giants,0.1946,0.0495,0.75585
rise_of_the_planet_of_the_apes,0.15495,0.03395,0.81105
rivers_and_tides_andy_goldsworthy_working_with_time,0.1979,0.0273,0.7748
rize,0.11035,0.07455,0.81505
road_to_guantanamo,0.0682,0.08255,0.8493
road_to_perdition,0.17705,0.10655,0.71645
robot_and_frank,0.15345,0.06595,0.7805
rock_school,0.1855,0.074,0.7405
rocket_science,0.1255,0.08835,0.78615
rocketman_2019,0.132,0.0323,0.83585
rocks,0.19255,0.045,0.7624
rocky_balboa,0.17815,0.0439,0.77795
rodents_of_unusual_size,0.189375,0.050625,0.760125
roger_dodger,0.1795,0.04945,0.77105
rogue_one_a_star_wars_story,0.08445,0.1328,0.7829
rois_et_reine,0.14435,0.0728,0.78285
rojo_2018,0.173722222,0.105777778,0.720555556
role_models,0.2247,0.03725,0.73795
roma_2018,0.1922,0.02175,0.786
roman_de_gare,0.19265,0.04035,0.76695
roman_polanski_wanted_and_desired,0.1223,0.05585,0.8218
room_2015,0.1324,0.0729,0.79475
room_237_2012,0.17885,0.07655,0.7446
rugrats_in_paris,0.21255,0.04205,0.7454
rundskop_2012,0.1119,0.07515,0.81295
rush_2013,0.1901,0.03095,0.77905
russian_ark,0.09865,0.04605,0.85545
ryuichi_sakamoto_coda,0.169052632,0.030684211,0.800368421
saddest_music_in_the_world,0.14785,0.0757,0.7765
safety_not_guaranteed,0.1833,0.0513,0.76535
saint_frances,0.1867,0.078,0.7353
saint_maud,0.13965,0.1022,0.75805
sand_storm,0.177214286,0.068428571,0.754285714
saraband,0.1458,0.1107,0.74365
satin_rouge,0.18245,0.029,0.78855
savages,0.1798,0.081,0.73905
save_the_green_planet_2004,0.203388889,0.063333333,0.733388889
saving_face,0.32075,0.06185,0.61745
saving_mr_banks_2013,0.20255,0.0356,0.76185
school_life,0.144666667,0.028055556,0.827277778
school_of_rock,0.30915,0.0259,0.6649
science_fair,0.2818,0.02455,0.6936
scott_pilgrims_vs_the_world,0.23395,0.0559,0.71
scratch_2002,0.259388889,0.023444444,0.717166667
scream_queen_my_nightmare_on_elm_street,0.2695,0.1075,0.623
sea_inside,0.15485,0.0889,0.7563
seabiscuit,0.2145,0.052,0.7336
searching_2018,0.1479,0.0314,0.8207
searching_for_sugar_man,0.15235,0.02385,0.82385
secret_ballot,0.24995,0.0596,0.69045
secret_in_their_eyes,0.1495,0.0627,0.78785
secret_lives_of_dentists,0.12355,0.06015,0.8163
secretary,0.14305,0.0657,0.79125
selma,0.16635,0.05545,0.7782
senna,0.19205,0.0456,0.7623
september_issue,0.19745,0.0187,0.7838
seraphine,0.1696,0.0173,0.8131
serenity,0.215,0.0601,0.7249
seven_psychopaths,0.14805,0.06785,0.784
sexy_beast,0.187,0.0699,0.74305
seymour_an_introduction,0.21105,0.05175,0.7372
shadow_2018,0.14125,0.05815,0.80055
shadow_magic,0.27445,0.03205,0.6935
shadow_of_the_vampire,0.1433,0.086,0.77075
shake_hands_with_the_devil_the_journey_of_romeo_dallaire,0.1154,0.1616,0.72305
shame_2011,0.15185,0.1633,0.6849
shanghai_ghetto,0.12425,0.0451,0.8306
shanghai_noon,0.161,0.04155,0.7975
shaolin_soccer,0.35965,0.05275,0.5877
shattered_glass,0.13595,0.11585,0.74815
shaun_of_the_dead,0.233,0.08715,0.67995
shaun_the_sheep_movie,0.2169,0.02975,0.75335
shazam,0.2044,0.06335,0.7323
sherpa,0.137133333,0.083866667,0.779
shes_beautiful_when_shes_angry,0.2045,0.03965,0.75575
shine_a_light,0.16185,0.0129,0.82525
shirkers,0.13475,0.0434,0.8218
shithouse,0.220416667,0.04025,0.739333333
sholem_aleichem_laughing_in_the_darkness_2011,0.214444444,0.023222222,0.762222222
shoplifters,0.18965,0.0419,0.76835
short_term_12_2013,0.1842,0.07945,0.73635
shotgun_stories,0.0887,0.082,0.8293
show_business,0.27705,0.03515,0.6878
shrek,0.22635,0.06375,0.7099
shrek_2,0.2421,0.04135,0.7165
sicario_2015,0.15195,0.14625,0.70195
sicko,0.1643,0.09905,0.73665
side_by_side_2012,0.1132,0.05325,0.83355
side_effects_2013,0.1586,0.10485,0.73645
sideways,0.26435,0.03865,0.69705
signs,0.12045,0.12295,0.7566
silence_2017,0.18475,0.09935,0.71585
silent_souls,0.1663,0.0825,0.7512
silver_linings_playbook,0.1782,0.06325,0.75855
simpsons_movie,0.1773,0.0661,0.75655
sin_city,0.15775,0.13165,0.7106
since_otar_left,0.2222,0.0312,0.74655
sing_street,0.20075,0.05635,0.74295
sing_your_song,0.1659,0.00905,0.82505
sir_no_sir,0.0948,0.12905,0.77605
sisterhood_of_the_traveling_pants,0.172,0.05695,0.7711
sketches_of_frank_gehry,0.15915,0.0606,0.78025
skyfall,0.2205,0.0429,0.7367
slaxx,0.158909091,0.059727273,0.781363636
slay_the_dragon,0.0885,0.05225,0.85925
sleepwalk_with_me,0.19475,0.0485,0.75685
slither,0.19985,0.1207,0.6794
slow_west_2015,0.1092,0.0812,0.80965
slumdog_millionaire,0.2079,0.07445,0.7177
small_time_crooks,0.25835,0.06055,0.6811
snabba_cash_2012,0.14545,0.0397,0.81485
snatch,0.15795,0.0812,0.76095
snowpiercer,0.1878,0.08985,0.7223
solitary_man,0.19345,0.0738,0.7328
somers_town,0.19015,0.0053,0.8045
somersault,0.17795,0.0745,0.74745
son_of_saul,0.1518,0.1082,0.74005
son_of_the_bride,0.22885,0.02665,0.7446
song_of_sparrows,0.18325,0.0199,0.79685
song_of_the_sea_2014,0.1894,0.04055,0.77005
songcatcher,0.3,0.0221,0.6779
sophie_scholl_die_letzten_tage,0.15775,0.14015,0.702
sorry_to_bother_you_2018,0.1763,0.11655,0.7072
soul_2020,0.17875,0.04045,0.78075
soul_power,0.1279,0.0104,0.8617
sound_city,0.17215,0.03545,0.7924
sound_of_metal,0.1214,0.03675,0.84185
source_code,0.17635,0.0232,0.8004
southside_with_you,0.2039,0.00945,0.78665
space_cowboys,0.226,0.02325,0.7507
spider_man_far_from_home,0.21155,0.0195,0.76895
spider_man_homecoming,0.20685,0.03885,0.7542
spider_man_into_the_spider_verse,0.22705,0.0141,0.75885
spiderman,0.24025,0.02985,0.72995
spiderman_2,0.2658,0.061,0.6732
spiderwick_chronicles,0.18785,0.10285,0.70935
spirited_away,0.186,0.0525,0.7614
spontaneous,0.257538462,0.065846154,0.676461538
spotlight_2015,0.16025,0.0735,0.7662
spring_summer_fall_winterand_spring,0.19195,0.0459,0.7621
springtime-in-a-small-town,0.1992,0.04335,0.7575
spy_2015,0.2067,0.03135,0.762
spy_kids,0.3164,0.0373,0.64625
squid_and_the_whale,0.1463,0.08765,0.7661
stan_and_ollie,0.25315,0.05785,0.68905
standard_operating_procedure,0.086,0.13105,0.7829
standing_in_the_shadows_of_motown,0.158,0.02705,0.81495
star_trek_11,0.1731,0.0404,0.7865
star_trek_beyond,0.18085,0.0658,0.7532
star_trek_into_darkness,0.173,0.0547,0.7724
star_wars_episode_iii_revenge_of_the_sith,0.14315,0.11885,0.738
star_wars_episode_vii_the_force_awakens,0.1618,0.09485,0.74325
star_wars_the_last_jedi,0.1549,0.0812,0.76395
starlet_2012,0.15945,0.00845,0.83205
starred_up,0.1838,0.09625,0.7199
starter_for_ten,0.27185,0.02825,0.6998
starting_out_in_the_evening,0.1519,0.02435,0.8238
startupcom,0.14035,0.03965,0.82
state_and_main,0.17545,0.06245,0.7621
station_agent,0.2373,0.0337,0.72905
step_2017,0.161,0.07185,0.76725
step_into_liquid,0.2052,0.0216,0.77325
stephanie_daley,0.0721,0.0768,0.85105
steve_jobs_2015,0.11205,0.06235,0.82565
stevie,0.13,0.1533,0.7167
still_mine,0.1854,0.0382,0.7764
stoked_the_rise_and_fall_of_gator,0.1359,0.10405,0.7601
stone_reader,0.1945,0.0522,0.75335
stories_we_tell,0.17705,0.0231,0.7999
straight_outta_compton,0.12715,0.0286,0.8442
stranger_by_the_lake,0.16085,0.07175,0.76745
strong_island,0.15745,0.1245,0.71815
stronger_2017,0.17435,0.1094,0.71635
stuart_little_2,0.2312,0.046,0.72285
submarine-2010,0.1369,0.1059,0.7571
sully,0.15785,0.07375,0.76835
summer_1993,0.2219,0.06305,0.71495
summer_hours,0.1708,0.02495,0.8042
summers_tale,0.1983,0.02525,0.7765
sunshine_on_leith,0.185,0.074571429,0.740357143
sunshine_state,0.1901,0.03365,0.7762
sunshine_superman,0.17595,0.02875,0.79535
super_8,0.23565,0.0375,0.72685
super_size_me,0.28675,0.08855,0.6249
superbad,0.1791,0.1225,0.69855
superman_returns,0.15685,0.0303,0.81285
support_the_girls,0.18515,0.03485,0.78
surfwise,0.114777778,0.038,0.847277778
sweeney_todd_the_demon_barber_of_fleet_street_2007,0.2009,0.0438,0.75525
sweet_country_2018,0.1122,0.09475,0.79295
sweet_land,0.31525,0.05205,0.6327
sweet_sixteen,0.15725,0.10075,0.74185
sweetgrass,0.12785,0.06145,0.8108
swimming_pool,0.14045,0.0852,0.7744
sylvies_love,0.20125,0.03215,0.7666
syndromes_and_a_century,0.1455,0.0275,0.827
synecdoche_new_york,0.14595,0.0743,0.7798
syriana,0.1258,0.05535,0.81885
tabloid_2010,0.09775,0.0465,0.8558
tabu_2012,0.1728,0.0692,0.75805
tadpole,0.2573,0.01585,0.72685
tae_guk_gi_the_brotherhood_of_war,0.157842105,0.162789474,0.679315789
tailor_of_panama,0.2022,0.0639,0.7339
take_shelter,0.14975,0.08605,0.7642
talk_to_her,0.27565,0.06905,0.6552
talk_to_me,0.1265,0.07305,0.80045
tangerine_2015,0.2372,0.04995,0.71285
tangled,0.1383,0.0637,0.798
tao_of_steve,0.077571429,0,0.922428571
tape,0.137,0.1061,0.75685
tarnation,0.0876,0.2043,0.7081
taxi_to_the_dark_side,0.09945,0.2345,0.66595
taxidermia,0.11945,0.1335,0.74705
tea_with_the_dames,0.17995,0.0331,0.7869
team_america_world_police,0.1975,0.1169,0.6856
teen_titans_go_to_the_movies,0.2133,0.06945,0.7173
tell_no_one_2006,0.15205,0.0839,0.7641
tell_them_who_you_are,0.22985,0.0487,0.72155
ten,0.14375,0.0519,0.8044
ten_canoes,0.19225,0.02125,0.7865
terri_2011,0.19075,0.03295,0.7764
terribly_happy,0.142368421,0.125,0.732526316
thank_you_for_smoking,0.15405,0.11205,0.73395
the-bridesmaid,0.165,0.0882,0.7468
the-endurance,0.2504,0.05135,0.69825
the-heart-of-the-game,0.2058,0.0496,0.7447
the-secret-of-kells,0.1755,0.02345,0.8011
the-social-network,0.1717,0.0602,0.7681
the-tigger-movie,0.21195,0.05465,0.73345
the_act_of_killing,0.1225,0.18655,0.69095
the_age_of_shadows,0.106166667,0.069722222,0.824222222
the_angels_share,0.2101,0.0251,0.7648
the_arbor_2010,0.15655,0.1001,0.74325
the_artist,0.28345,0.03665,0.67985
the_assistant_2020,0.0997,0.10545,0.7948
the_b_side_elsa_dorfmans_portrait_photography,0.1975,0.01025,0.7923
the_babadook,0.10855,0.19525,0.69625
the_ballad_of_buster_scruggs,0.15275,0.0735,0.7736
the_bands_visit,0.19025,0.0416,0.7681
the_beatles_eight_days_a_week_the_touring_years,0.22255,0.0468,0.7306
the_beauty_academy_of_kabul_2006,0.1801,0.0392,0.78075
the_believer,0.123,0.0709,0.8061
the_big_kahuna,0.14945,0.04235,0.8082
the_big_picture_2012,0.180277778,0.050055556,0.769611111
the_big_short,0.1679,0.0649,0.7675
the_big_sick,0.2393,0.072,0.6887
the_black_panthers_vanguard_of_the_revolution_2015,0.1297,0.04215,0.82805
the_black_power_mix_tape_1967_1975,0.1368,0.07745,0.7857
the_breadwinner,0.2041,0.097,0.6989
the_cabin_in_the_woods,0.1416,0.0815,0.777
the_cakemaker,0.2613,0.0577,0.681
the_case_against_8,0.20425,0.05185,0.744
the_cave_2019,0.16145,0.136,0.70245
the_central_park_five_2012,0.1002,0.164,0.7357
the_chambermaid,0.12905,0.0526,0.8184
the_circle_2001,0.18135,0.06905,0.74955
the_class,0.1282,0.0397,0.83205
the_conjuring,0.0961,0.19435,0.7094
the_counterfeiters_2007,0.1223,0.06875,0.8089
the_crash_reel_2013,0.1243,0.103,0.7726
the_cuckoo_2003,0.2559,0.0296,0.71455
the_dance_of_reality,0.14385,0.0409,0.8152
the_dark_horse_2016,0.1471,0.0848,0.76805
the_dark_knight,0.15255,0.05855,0.78895
the_dark_knight_rises,0.14455,0.0762,0.77935
the_death_of_mr_lazarescu,0.10595,0.1197,0.77435
the_death_of_stalin,0.14865,0.1434,0.70785
the_descendants_2011,0.1339,0.05135,0.8146
the_devil_wears_prada,0.2322,0.0975,0.67025
the_diary_of_a_teenage_girl,0.14815,0.05625,0.7957
the_disaster_artist,0.19395,0.1495,0.65675
the_dissident,0.1126,0.1257,0.76165
the_diving_bell_and_the_butterfly_2007,0.2003,0.05805,0.7417
the_dog_2014,0.12145,0.07245,0.80605
the_drop,0.11675,0.08655,0.7966
the_duke_of_burgundy,0.17365,0.07205,0.75425
the_eagle_huntress,0.2167,0.0412,0.7421
the_edge_of_heaven,0.138,0.0636,0.7983
the_edge_of_seventeen,0.2108,0.0576,0.7316
the_end_of_the_tour_2015,0.2007,0.0612,0.73805
the_endless,0.16245,0.05755,0.78015
the_farewell_2019,0.1946,0.0581,0.74715
the_favourite_2018,0.1806,0.10645,0.71295
the_fight_2020,0.20955,0.08605,0.70435
the_fighter_2011,0.15795,0.03515,0.80695
the_fits_2016,0.1444,0.06145,0.7942
the_florida_project,0.1842,0.0385,0.77715
the_fog_of_war_eleven_lessons_from_the_life_of_robert_s_mcnamara,0.11805,0.1046,0.77735
the_forbidden_room_2015,0.135,0.09255,0.7725
the_forty_year_old_version,0.1944,0.0234,0.78215
the_four_times,0.19735,0.03155,0.77105
the_gatekeepers_2012,0.13495,0.08235,0.7826
the_gift_2015,0.17425,0.06605,0.7596
the_girl_from_paris,0.212578947,0.009894737,0.777526316
the_girl_with_the_dragon_tattoo,0.121,0.06375,0.81515
the_girl_with_the_dragon_tattoo_2009,0.115,0.08225,0.8028
the_gleaners_and_i,0.177133333,0.021333333,0.801466667
the_go_gos,0.1601,0.02435,0.81555
the_good_the_bad_the_weird,0.1209,0.06565,0.81355
the_grand_budapest_hotel,0.22985,0.04565,0.7244
the_great_beauty,0.2141,0.059,0.72695
the_ground_truth,0.15795,0.11385,0.72825
the_guard_2011,0.24725,0.0951,0.6577
the_guest_2014,0.2117,0.13505,0.65325
the_guilty_2018,0.12735,0.1073,0.7654
the_half_of_it,0.2932,0.0194,0.6874
the_handmaiden,0.2454,0.0875,0.66705
the_happiest_day_in_the_life_of_olli_maki_2017,0.22795,0.0395,0.73255
the_hate_u_give,0.151,0.10845,0.74065
the_hedgehog,0.20865,0.05615,0.7353
the_heiresses,0.1218,0.04945,0.8288
the_history_of_future_folk_2012,0.261,0.0712,0.6679
the_host_2007,0.15545,0.11405,0.73055
the_house_i_live_in,0.09135,0.15535,0.75335
the_house_of_the_devil_2009,0.08655,0.1351,0.7784
the_hunger_games,0.14665,0.1054,0.74785
the_hunger_games_catching_fire,0.2067,0.10505,0.6881
the_hunt_2013,0.1482,0.09815,0.75355
the_hunting_ground_2015,0.10185,0.2109,0.68715
the_hurt_locker,0.1788,0.1222,0.69895
the_ides_of_march,0.1725,0.0479,0.7796
the_illusionist-2009,0.1916,0.03945,0.769
the_imitation_game,0.17545,0.04765,0.7769
the_impossible_2012,0.15025,0.0843,0.76545
the_imposter_2012,0.11495,0.0699,0.8152
the_incredible_hulk,0.1593,0.05675,0.7839
the_innocents_2016,0.1343,0.0601,0.8055
the_internets_own_boy_the_story_of_aaron_swartz,0.1378,0.16865,0.6935
the_interrupters_2011,0.1335,0.1602,0.70625
the_invisible_man_2020,0.1889,0.1052,0.70585
the_invisible_war,0.08875,0.18855,0.7226
the_irishman,0.0898,0.07645,0.83375
the_island_president,0.17285,0.0413,0.78585
the_jungle_book_2016,0.1815,0.041,0.7775
the_kid_who_would_be_king,0.20005,0.0616,0.7384
the_kid_with_a_bike,0.18625,0.0669,0.74685
the_kill_team,0.07705,0.21035,0.7126
the_kingmaker,0.0728,0.1395,0.78775
the_kings_speech,0.21945,0.03275,0.7478
the_lady_in_the_van,0.15465,0.06285,0.7824
the_last_black_man_in_san_francisco,0.1451,0.13675,0.71815
the_last_king_of_scotland,0.1285,0.07285,0.7986
the_last_laugh_2017,0.146,0.072307692,0.781846154
the_last_man_on_the_moon,0.13075,0.0478,0.8214
the_last_of_the_unjust,0.1488,0.12225,0.72905
the_last_tree,0.1246,0.0874,0.788066667
the_lego_batman_movie,0.17435,0.06155,0.76405
the_lego_movie,0.2347,0.04115,0.7241
the_lego_movie_2_the_second_part,0.1476,0.0996,0.7528
the_life_and_times_of_hank_greenberg,0.22375,0.0243,0.75195
the_lighthouse_2019,0.1498,0.09825,0.75195
the_little_prince_2016,0.2143,0.022,0.76375
the_lives_of_others,0.1181,0.07765,0.80425
the_lobster,0.18045,0.05965,0.7599
the_look_of_silence,0.0897,0.14665,0.7637
the_lord_of_the_rings_the_fellowship_of_the_ring,0.1651,0.0822,0.75265
the_lord_of_the_rings_the_return_of_the_king,0.12295,0.07905,0.79795
the_lord_of_the_rings_the_two_towers,0.16275,0.0443,0.79295
the_lost_city_of_z,0.194,0.09105,0.71485
the_love_witch,0.22465,0.11255,0.66285
the_loved_ones_2012,0.1348,0.1946,0.6706
the_lunchbox,0.29105,0.0113,0.6977
the_man_on_the_train,0.17945,0.06265,0.75795
the_martian,0.1534,0.07075,0.77585
the_master_2011,0.1462,0.0797,0.7742
the_measure_of_a_man_2016,0.1387,0.1007,0.76065
the_meyerowitz_stories,0.21515,0.0694,0.71555
the_missing_picture,0.0718,0.1217,0.80655
the_mortuary_collection,0.2148,0.1272,0.658
the_motorcycle_diaries,0.2468,0.02865,0.72455
the_muppets,0.2174,0.0573,0.72525
the_mustang,0.1833,0.05815,0.75845
the_nice_guys,0.2124,0.0511,0.73645
the_normal_heart,0.13465,0.13225,0.73305
the_old_man_and_the_gun,0.21535,0.06415,0.72065
the_orphanage,0.1037,0.2022,0.69415
the_other_side_of_hope,0.1309,0.07025,0.7989
the_overnighters,0.10855,0.1369,0.75455
the_painter_and_the_thief,0.2009,0.0749,0.72425
the_peanut_butter_falcon,0.18105,0.03015,0.7888
the_peanuts_movie,0.19725,0.06455,0.7382
the_pearl_button_2015,0.11925,0.05845,0.82225
the_perfect_crime_2005,0.2317,0.08915,0.67915
the_perks_of_being_a_wallflower,0.19905,0.05485,0.74605
the_personal_history_of_david_copperfield,0.26925,0.05825,0.67235
the_pirates_band_of_misfits,0.2665,0.03565,0.69805
the_pool,0.16665,0.0284,0.805
the_post,0.1426,0.0599,0.79745
the_punk_singer_2013,0.16195,0.0785,0.7595
the_queen,0.18335,0.04755,0.769
the_queen_of_versailles,0.1705,0.11275,0.71665
the_raid_redemption,0.18755,0.08525,0.72715
the_real_dirt_on_farmer_john_2007,0.171722222,0.0705,0.757777778
the_red_turtle,0.1555,0.0265,0.818
the_return,0.13045,0.05475,0.8147
the_revenant_2015,0.12445,0.07545,0.8001
the_rider,0.19975,0.0379,0.76235
the_road_2009,0.2048,0.10505,0.6901
the_rocket,0.20295,0.05565,0.74135
the_royal_tenenbaums,0.25125,0.07855,0.67015
the_salesman_2017,0.10735,0.08235,0.81025
the_salt_of_the_earth,0.0875,0.10465,0.8078
the_sapphires_2012,0.2251,0.05625,0.7187
the_second_mother,0.15795,0.07045,0.7715
the_secret_world_of_arrietty,0.1967,0.019,0.78425
the_selfish_giant_2013,0.17995,0.1442,0.6758
the_sessions,0.2874,0.0387,0.67385
the_shape_of_water_2017,0.20835,0.0458,0.74595
the_silence_2013,0.1002,0.15935,0.7405
the_skeleton_twins,0.1883,0.09505,0.7167
the_skin_i_live_in,0.1161,0.06735,0.81665
the_son_2003,0.1201,0.1024,0.7775
the_spectacular_now,0.16645,0.05775,0.7757
the_square,0.1412,0.12725,0.73155
the_square_2013,0.08575,0.064,0.8503
the_story_of_the_weeping_camel,0.1822,0.0527,0.76515
the_survivalist_2017,0.1256,0.099466667,0.775
the_swerve,0.164666667,0.098166667,0.737333333
the_tale,0.1245,0.08775,0.7878
the_tale_of_the_princess_kaguya,0.22145,0.04565,0.7329
the_taste_of_others,0.25505,0.0301,0.7149
the_theory_of_everything_2014,0.1264,0.0396,0.834
the_tillman_story,0.0684,0.1534,0.7782
the_town,0.1767,0.0308,0.7925
the_tree_of_life_2011,0.117,0.05005,0.8331
the_trial_of_the_chicago_7,0.12175,0.03815,0.84005
the_trials_of_muhammad_ali_2013,0.1572,0.0455,0.79745
the_trip_2011,0.2287,0.0527,0.7186
the_trip_to_italy_2014,0.13775,0.07815,0.7843
the_triplets_of_belleville,0.21775,0.082,0.7003
the_truffle_hunters,0.15295,0.0254,0.8217
the_turin_horse,0.19515,0.07185,0.733
the_two_popes,0.17575,0.0355,0.7888
the_unforeseen,0.1326,0.07075,0.7966
the_vast_of_night,0.12985,0.04775,0.8224
the_vertical_ray_of_the_sun,0.19845,0.0125,0.78905
the_wailing,0.1252,0.14225,0.7326
the_walk_2015,0.12695,0.04515,0.82785
the_way_he_looks,0.2707,0.0287,0.7006
the_way_way_back,0.1895,0.04775,0.7628
the_weather_underground,0.21125,0.032,0.7568
the_well_diggers_daughter,0.1896,0.0189,0.79145
the_white_tiger_2020,0.1047,0.0734,0.82195
the_wind_rises,0.20295,0.03085,0.7661
the_witch_2016,0.1201,0.1522,0.7276
the_witnesses_2007,0.173277778,0.082833333,0.743833333
the_wolf_house,0.0846,0.0537,0.8617
the_wolf_of_wall_street_2013,0.15015,0.15435,0.6955
the_womens_balcony,0.229928571,0.024714286,0.745357143
the_wonders_2015,0.1654,0.0454,0.7892
the_work,0.1047,0.1488,0.74655
the_worlds_end,0.16455,0.08475,0.7507
the_wrestler,0.20765,0.0637,0.72875
the_year_my_parents_went_on_vacation,0.163105263,0.056684211,0.780157895
theeb,0.1071,0.0668,0.82625
their_finest_2017,0.27295,0.04885,0.6782
thelma_2017,0.1177,0.11875,0.76355
there_will_be_blood,0.10545,0.08675,0.80775
they_shall_not_grow_old,0.1594,0.07945,0.7612
things_to_come_2016,0.1754,0.039,0.7855
thirteen,0.13565,0.07935,0.78505
thirteen_conversations_about_one_thing,0.2013,0.05545,0.7432
thirteen_days,0.1227,0.0165,0.8608
this_film_is_not_yet_rated,0.1557,0.09845,0.74585
this_is_england,0.09565,0.06495,0.83935
this_is_not_a_film_2011,0.15695,0.1025,0.7405
this_is_the_end,0.1815,0.08995,0.7286
thor,0.15705,0.05345,0.7896
thor_ragnarok_2017,0.20405,0.0499,0.74595
three_billboards_outside_ebbing_missouri,0.19025,0.0711,0.7387
three_burials_of_melquiades_estrada,0.10245,0.05725,0.84035
three_identical_strangers,0.1194,0.0712,0.8094
three_monkeys,0.1671,0.1179,0.715
three_times,0.21215,0.03195,0.7559
threeextremes,0.13835,0.0966,0.76505
thunder_road_2018,0.110631579,0.057368421,0.832
tibet_cry_of_the_snow_lion,0.1556,0.0965,0.74785
tickled,0.1467,0.1203,0.7329
tigerland,0.152583333,0.07925,0.768166667
tigers_are_not_afraid,0.106,0.1187,0.77535
timbuktu_2015,0.1463,0.1082,0.74555
time-out-l-emploi-du-temps,0.09955,0.0867,0.81375
time_2020,0.1959,0.07005,0.734
time_and_winds,0.1951,0.0591,0.7458
time_crimes,0.1979,0.04785,0.75425
timecode,0.16345,0.0185,0.818
tims_vermeer_2014,0.1656,0.0326,0.80185
tinker_tailor_soldier_spy,0.11535,0.03735,0.84725
tiny_furniture-2009,0.14075,0.0795,0.77975
to_all_the_boys_ive_loved_before,0.2861,0.03255,0.68135
to_be_and_to_have,0.17615,0.01085,0.813
to_be_takei,0.23775,0.0293,0.73305
together_2001,0.26215,0.03095,0.7068
tokyo_godfathers,0.25155,0.0392,0.7092
tokyo_sonata,0.0967,0.1033,0.8
tomboy_2011,0.1854,0.04255,0.7721
toni_erdmann,0.2314,0.05365,0.7149
toni_morrison_the_pieces_i_am,0.1774,0.0324,0.79015
tony_takitani,0.1556,0.05275,0.7916
too_late_to_die_young,0.150736842,0.073210526,0.775947368
top_five,0.22,0.06315,0.7169
tortilla_soup,0.1164,0.01675,0.86685
totally_under_control,0.09315,0.1199,0.7868
touch-the-sound,0.2537,0.0311,0.71515
touching_the_void,0.14695,0.112,0.741
tower_2016,0.207,0.06345,0.7296
toy_story_3,0.1878,0.0618,0.75045
toy_story_4,0.1881,0.04615,0.76575
train_to_busan,0.1253,0.10635,0.76835
training_day,0.1375,0.11895,0.7434
trainwreck,0.216,0.0978,0.68615
transamerica,0.1281,0.04195,0.8301
transit_2018,0.1304,0.0682,0.8014
transsiberian,0.14755,0.06155,0.79085
travelers_and_magicians,0.21675,0.0316,0.75165
treeless_mountain,0.1954,0.08555,0.71905
trembling-before-gd,0.21605,0.0689,0.7151
trials_of_henry_kissinger,0.127666667,0.0995,0.772777778
tristram_shandy_a_cock_and_bull_story,0.2377,0.0404,0.72185
trophy_2017,0.10385,0.1665,0.7296
tropic_thunder,0.15035,0.06375,0.7859
tropical_malady,0.160105263,0.035631579,0.804263158
trouble_the_water,0.10245,0.09905,0.7985
true_grit_2010,0.20875,0.0475,0.74375
truman_2017,0.205611111,0.050666667,0.743777778
tsotsi,0.14645,0.0713,0.78225
tucker_and_dale_vs_evil,0.1965,0.0606,0.74285
tully,0.24315,0.0365,0.7204
tully_2018,0.1633,0.0824,0.75435
tulpan,0.1722,0.02585,0.8021
tupac_resurrection,0.14095,0.0818,0.77725
turn_me_on_dammit,0.21905,0.04065,0.7403
turtles_can_fly,0.1494,0.13955,0.711
tuyas_marriage_2006,0.141235294,0.029705882,0.829058824
twilight_samurai,0.20545,0.0511,0.74345
two_brothers,0.2012,0.05085,0.74795
two_days_one_night,0.0897,0.05125,0.85915
two_lovers,0.15605,0.06445,0.7795
u2_3d,0.07275,0.034,0.89325
u571,0.1154,0.15135,0.73325
un_secret,0.0988,0.0893,0.8119
unbreakable,0.19055,0.08225,0.7272
uncle_boonmee,0.1551,0.0249,0.82
uncut_gems,0.1398,0.0603,0.8
undefeated_2012,0.18675,0.0532,0.7599
under_the_sand,0.12065,0.0883,0.79105
under_the_shadow,0.0575,0.1669,0.7756
under_the_skin_2013,0.1174,0.0667,0.8159
undercover_brother,0.2297,0.05575,0.7145
united_93,0.13695,0.1384,0.72455
unreasonable_man,0.1253,0.10045,0.77415
unstoppable-2010,0.11025,0.08415,0.80565
untitled_eliot_spitzer_project,0.14275,0.07125,0.78605
up,0.26725,0.0349,0.69785
up_and_down,0.1704,0.07345,0.75615
up_for_grabs,0.1666,0.08485,0.7485
up_in_the_air_2009,0.2108,0.04625,0.743
up_the_yangtze,0.0883,0.07745,0.83425
upside_of_anger,0.20855,0.0347,0.7568
upstream_color,0.15745,0.07775,0.7648
us_2019,0.10255,0.14775,0.74965
us_vs_john_lennon,0.15,0.0525,0.79745
ushpizin,0.2851,0.0108,0.70405
v_for_vendetta,0.1776,0.09065,0.73185
va_savoir,0.27565,0.0228,0.7015
varda_by_agnes,0.26025,0.00295,0.7368
venus,0.16185,0.0636,0.7745
venus_in_fur,0.1233,0.0651,0.8115
vera_drake,0.1457,0.06805,0.7862
vicky_cristina_barcelona,0.18505,0.0592,0.75575
vincere,0.14535,0.1226,0.73205
virgin_suicides,0.20245,0.1406,0.657
vision_2010,0.1399,0.0405,0.8197
vitalina_varela,0.174611111,0.1175,0.707833333
viva_riva,0.14605,0.096,0.75795
volver,0.2006,0.0857,0.71375
wadjda_2013,0.1289,0.01965,0.85145
waiting_for_superman,0.1042,0.09635,0.7995
waitress,0.19255,0.13,0.6775
wake_in_fright,0.13495,0.192,0.6732
waking_life,0.1827,0.0238,0.7935
walk_the_line,0.13045,0.0503,0.81925
wall_e,0.22865,0.0322,0.7392
wallace_and_gromit_curse_of_the_wererabbit,0.1317,0.042,0.8263
waltz_with_bashir,0.14575,0.13615,0.7181
war_for_the_planet_of_the_apes,0.15035,0.10645,0.74305
war_of_the_worlds,0.1498,0.1159,0.73435
war_tapes,0.12455,0.1376,0.7378
war_witch,0.11175,0.1958,0.69255
wardance,0.1567,0.13285,0.7106
warm_bodies,0.23945,0.08555,0.67505
warm_water_under_a_red_bridge,0.17725,0.0695625,0.7531875
waste-land,0.2076,0.10105,0.69135
water,0.1596,0.11915,0.7213
water_lilies,0.1847,0.05395,0.76145
wattstax,0.17225,0.0378,0.78995
we_are_still_here,0.08825,0.128,0.783833333
we_are_the_best,0.18135,0.05205,0.7665
we_are_what_we_are_2013,0.1335,0.11245,0.75415
we_steal_secrets_the_story_of_wikileaks_2013,0.12295,0.08305,0.79405
we_were_here_voices_from_the_aids_years_in_san_francisco,0.13235,0.094,0.77375
wedding_crashers,0.23125,0.08345,0.68535
weekend_2011,0.2131,0.0264,0.7605
weiner,0.1406,0.1651,0.69415
welcome_to_chechnya,0.17705,0.09045,0.73245
welcome_to_leith,0.150941176,0.112294118,0.736764706
wendy_and_lucy,0.12995,0.08195,0.7881
werckmeister_harmonies,0.1998125,0.0585625,0.741625
west_of_memphis,0.11595,0.1316,0.7524
western_2018,0.11835,0.04695,0.83465
wetlands_2014,0.17,0.0889,0.74115
whale_rider,0.1624,0.01745,0.8202
what_maisie_knew_2012,0.12465,0.0395,0.83575
what_richard_did,0.1848,0.0449,0.77035
what_time_is_it_there,0.1599,0.06945,0.77065
what_we_do_in_the_shadows,0.20125,0.0679,0.73085
when_marnie_was_there,0.1646,0.0886,0.7468
where_the_wild_things_are,0.1473,0.1102,0.74255
whip_it,0.19445,0.0424,0.76315
whiplash_2014,0.1187,0.0679,0.81325
white_material,0.1451,0.12305,0.7319
white_ribbon,0.1198,0.11945,0.7608
white_riot,0.139722222,0.046444444,0.813888889
who_killed_the_electric_car,0.15225,0.08775,0.76005
whose_streets,0.08705,0.0808,0.83215
why_dont_you_just_die,0.2009375,0.1015625,0.6975625
widow_of_st_pierre,0.2466,0.1397,0.61365
widows_2018,0.2001,0.0843,0.71575
wilbur_wants_to_kill_himself,0.235,0.06675,0.6982
wild_2014,0.1881,0.05365,0.7582
wild_parrots_of_telegraph_hill,0.2785,0.01855,0.7029
wild_rose_2019,0.16505,0.04975,0.7852
wild_tales,0.22745,0.17205,0.6005
wild_thornberrys_movie,0.2116,0.01935,0.769
wildlife_2018,0.10995,0.05165,0.8384
win_win_2011,0.3201,0.03435,0.6455
wind_river_2017,0.1389,0.07545,0.78565
wind_that_shakes_the_barley,0.1513,0.10865,0.74015
winged_migration,0.23085,0.02915,0.74
winnebago_man,0.1608,0.0999,0.7394
winnie_the_pooh_2011,0.1689,0.0716,0.75945
with_a_friend_like_harry,0.30725,0.0605,0.6322
wolfwalkers,0.2493,0.03065,0.71995
wolke_neun,0.16675,0.06305,0.77015
woman_at_war,0.2069,0.10295,0.69015
wonder_boys,0.2207,0.07655,0.7028
wonder_woman_2017,0.23405,0.0584,0.7075
wonderland_2000,0.1931,0.0323,0.77455
wont_you_be_my_neighbor,0.17395,0.02215,0.8039
woodsman,0.16785,0.10385,0.7283
wordplay,0.2153,0.0198,0.76485
working_woman,0.144071429,0.0575,0.798285714
worlds_fastest_indian,0.15625,0.0372,0.8065
wreck_it_ralph,0.21675,0.04,0.74325
x2_xmen_united,0.2173,0.0633,0.7193
x_men_days_of_future_past,0.18565,0.0417,0.77255
x_men_first_class,0.16235,0.03305,0.80455
xmen,0.2604,0.04685,0.6928
xxy,0.19435,0.07055,0.7351
y_tu_mama_tambien,0.3145,0.0484,0.63715
yards,0.08495,0.09145,0.8236
yella,0.1545,0.0525,0.79295
yes_god_yes,0.2735,0.056,0.67045
yes_men,0.1844,0.06675,0.74895
yi_yi,0.206,0.0403,0.7537
yoo_hoo_mrs_goldberg,0.21945,0.02985,0.7507
yossi_2013,0.19755,0.0779,0.72445
yossi_and_jagger,0.2094,0.0631,0.7275
you_can_count_on_me,0.2382,0.03665,0.72525
you_were_never_really_here,0.0971,0.05145,0.85155
young_adult,0.2045,0.08785,0.70765
young_victoria,0.15625,0.03955,0.80425
youngheart,0.1509,0.05585,0.7932
your_name_2017,0.1956,0.0371,0.76725
your_sisters_sister,0.21055,0.04965,0.73975
zama,0.11145,0.03985,0.8487
zappa_2020,0.2296,0.0383,0.73205
zathura_a_space_adventure,0.2108,0.02385,0.76535
zatoichi_2003,0.19275,0.07205,0.73525
zero_dark_thirty,0.17355,0.0882,0.73835
zero_days,0.11935,0.1268,0.75395
zodiac,0.1862,0.1052,0.70865
zombieland,0.1859,0.0838,0.7303
zootopia,0.15175,0.0386,0.80955
